<?xml version='1.0' encoding='utf-8'?>
<gpx version="1.1" creator="TourDeTaiwanCleanedRoute" xmlns="http://www.topografix.com/GPX/1/1"><trk><name>Tour de Taiwan D01_Taoyuan_to_Hsinchu</name><trkseg><trkpt lat="25.046933" lon="121.294356"><ele>81.0</ele><time>2026-09-25T05:01:20+00:00</time></trkpt><trkpt lat="25.046974" lon="121.294317"><ele>81.0</ele><time>2026-09-25T05:01:24+00:00</time></trkpt><trkpt lat="25.047109" lon="121.294220"><ele>80.8</ele><time>2026-09-25T05:01:54+00:00</time></trkpt><trkpt lat="25.047158" lon="121.294184"><ele>80.8</ele><time>2026-09-25T05:01:58+00:00</time></trkpt><trkpt lat="25.047209" lon="121.294146"><ele>80.8</ele><time>2026-09-25T05:02:02+00:00</time></trkpt><trkpt lat="25.047298" lon="121.294065"><ele>80.6</ele><time>2026-09-25T05:02:06+00:00</time></trkpt><trkpt lat="25.047409" lon="121.293954"><ele>80.4</ele><time>2026-09-25T05:02:10+00:00</time></trkpt><trkpt lat="25.047561" lon="121.293889"><ele>80.0</ele><time>2026-09-25T05:02:14+00:00</time></trkpt><trkpt lat="25.047726" lon="121.293856"><ele>79.8</ele><time>2026-09-25T05:02:18+00:00</time></trkpt><trkpt lat="25.047876" lon="121.293824"><ele>79.6</ele><time>2026-09-25T05:02:22+00:00</time></trkpt><trkpt lat="25.048006" lon="121.293792"><ele>79.4</ele><time>2026-09-25T05:02:26+00:00</time></trkpt><trkpt lat="25.048118" lon="121.293762"><ele>79.4</ele><time>2026-09-25T05:02:30+00:00</time></trkpt><trkpt lat="25.048224" lon="121.293723"><ele>79.4</ele><time>2026-09-25T05:02:34+00:00</time></trkpt><trkpt lat="25.048345" lon="121.293717"><ele>79.4</ele><time>2026-09-25T05:02:38+00:00</time></trkpt><trkpt lat="25.048479" lon="121.293681"><ele>79.4</ele><time>2026-09-25T05:02:42+00:00</time></trkpt><trkpt lat="25.048624" lon="121.293619"><ele>79.4</ele><time>2026-09-25T05:02:46+00:00</time></trkpt><trkpt lat="25.048783" lon="121.293524"><ele>79.4</ele><time>2026-09-25T05:02:50+00:00</time></trkpt><trkpt lat="25.048944" lon="121.293431"><ele>79.2</ele><time>2026-09-25T05:02:54+00:00</time></trkpt><trkpt lat="25.049091" lon="121.293350"><ele>79.0</ele><time>2026-09-25T05:02:58+00:00</time></trkpt><trkpt lat="25.049189" lon="121.293290"><ele>78.8</ele><time>2026-09-25T05:03:02+00:00</time></trkpt><trkpt lat="25.049338" lon="121.293195"><ele>78.6</ele><time>2026-09-25T05:03:28+00:00</time></trkpt><trkpt lat="25.049493" lon="121.293070"><ele>78.6</ele><time>2026-09-25T05:03:32+00:00</time></trkpt><trkpt lat="25.049622" lon="121.292951"><ele>78.4</ele><time>2026-09-25T05:03:36+00:00</time></trkpt><trkpt lat="25.049735" lon="121.292813"><ele>78.4</ele><time>2026-09-25T05:03:40+00:00</time></trkpt><trkpt lat="25.049842" lon="121.292655"><ele>78.0</ele><time>2026-09-25T05:03:44+00:00</time></trkpt><trkpt lat="25.049903" lon="121.292476"><ele>77.6</ele><time>2026-09-25T05:03:48+00:00</time></trkpt><trkpt lat="25.049946" lon="121.292332"><ele>77.4</ele><time>2026-09-25T05:03:52+00:00</time></trkpt><trkpt lat="25.049996" lon="121.292203"><ele>77.0</ele><time>2026-09-25T05:03:56+00:00</time></trkpt><trkpt lat="25.050056" lon="121.292074"><ele>76.8</ele><time>2026-09-25T05:04:00+00:00</time></trkpt><trkpt lat="25.050149" lon="121.292018"><ele>76.6</ele><time>2026-09-25T05:04:04+00:00</time></trkpt><trkpt lat="25.050243" lon="121.292046"><ele>76.4</ele><time>2026-09-25T05:04:08+00:00</time></trkpt><trkpt lat="25.050340" lon="121.292091"><ele>76.6</ele><time>2026-09-25T05:04:12+00:00</time></trkpt><trkpt lat="25.050472" lon="121.292139"><ele>76.6</ele><time>2026-09-25T05:04:16+00:00</time></trkpt><trkpt lat="25.050593" lon="121.292190"><ele>76.8</ele><time>2026-09-25T05:04:20+00:00</time></trkpt><trkpt lat="25.050703" lon="121.292224"><ele>76.8</ele><time>2026-09-25T05:04:24+00:00</time></trkpt><trkpt lat="25.050789" lon="121.292245"><ele>76.8</ele><time>2026-09-25T05:04:28+00:00</time></trkpt><trkpt lat="25.050944" lon="121.292312"><ele>76.6</ele><time>2026-09-25T05:04:50+00:00</time></trkpt><trkpt lat="25.051080" lon="121.292363"><ele>76.8</ele><time>2026-09-25T05:04:54+00:00</time></trkpt><trkpt lat="25.051223" lon="121.292410"><ele>76.8</ele><time>2026-09-25T05:04:58+00:00</time></trkpt><trkpt lat="25.051395" lon="121.292424"><ele>76.8</ele><time>2026-09-25T05:05:02+00:00</time></trkpt><trkpt lat="25.051589" lon="121.292432"><ele>76.8</ele><time>2026-09-25T05:05:06+00:00</time></trkpt><trkpt lat="25.051805" lon="121.292409"><ele>76.4</ele><time>2026-09-25T05:05:10+00:00</time></trkpt><trkpt lat="25.052032" lon="121.292354"><ele>76.0</ele><time>2026-09-25T05:05:14+00:00</time></trkpt><trkpt lat="25.052253" lon="121.292250"><ele>75.6</ele><time>2026-09-25T05:05:18+00:00</time></trkpt><trkpt lat="25.052472" lon="121.292124"><ele>75.0</ele><time>2026-09-25T05:05:22+00:00</time></trkpt><trkpt lat="25.052692" lon="121.292000"><ele>74.6</ele><time>2026-09-25T05:05:26+00:00</time></trkpt><trkpt lat="25.052911" lon="121.291884"><ele>74.2</ele><time>2026-09-25T05:05:30+00:00</time></trkpt><trkpt lat="25.053124" lon="121.291779"><ele>73.8</ele><time>2026-09-25T05:05:34+00:00</time></trkpt><trkpt lat="25.053328" lon="121.291678"><ele>73.6</ele><time>2026-09-25T05:05:38+00:00</time></trkpt><trkpt lat="25.053524" lon="121.291577"><ele>73.4</ele><time>2026-09-25T05:05:42+00:00</time></trkpt><trkpt lat="25.053726" lon="121.291469"><ele>73.2</ele><time>2026-09-25T05:05:46+00:00</time></trkpt><trkpt lat="25.053940" lon="121.291355"><ele>72.6</ele><time>2026-09-25T05:05:50+00:00</time></trkpt><trkpt lat="25.054156" lon="121.291240"><ele>72.2</ele><time>2026-09-25T05:05:54+00:00</time></trkpt><trkpt lat="25.054363" lon="121.291130"><ele>72.0</ele><time>2026-09-25T05:05:58+00:00</time></trkpt><trkpt lat="25.054562" lon="121.291027"><ele>72.0</ele><time>2026-09-25T05:06:02+00:00</time></trkpt><trkpt lat="25.054754" lon="121.290923"><ele>71.8</ele><time>2026-09-25T05:06:06+00:00</time></trkpt><trkpt lat="25.054881" lon="121.290865"><ele>71.6</ele><time>2026-09-25T05:06:10+00:00</time></trkpt><trkpt lat="25.054938" lon="121.290831"><ele>71.4</ele><time>2026-09-25T05:06:14+00:00</time></trkpt><trkpt lat="25.055004" lon="121.290796"><ele>71.4</ele><time>2026-09-25T05:06:18+00:00</time></trkpt><trkpt lat="25.055097" lon="121.290749"><ele>71.4</ele><time>2026-09-25T05:06:22+00:00</time></trkpt><trkpt lat="25.055201" lon="121.290690"><ele>71.4</ele><time>2026-09-25T05:06:26+00:00</time></trkpt><trkpt lat="25.055308" lon="121.290642"><ele>71.0</ele><time>2026-09-25T05:06:54+00:00</time></trkpt><trkpt lat="25.055462" lon="121.290560"><ele>71.0</ele><time>2026-09-25T05:06:58+00:00</time></trkpt><trkpt lat="25.055580" lon="121.290496"><ele>71.0</ele><time>2026-09-25T05:07:02+00:00</time></trkpt><trkpt lat="25.055706" lon="121.290427"><ele>71.0</ele><time>2026-09-25T05:07:06+00:00</time></trkpt><trkpt lat="25.055846" lon="121.290355"><ele>70.8</ele><time>2026-09-25T05:07:10+00:00</time></trkpt><trkpt lat="25.055997" lon="121.290272"><ele>70.6</ele><time>2026-09-25T05:07:14+00:00</time></trkpt><trkpt lat="25.056157" lon="121.290185"><ele>70.6</ele><time>2026-09-25T05:07:18+00:00</time></trkpt><trkpt lat="25.056330" lon="121.290094"><ele>70.4</ele><time>2026-09-25T05:07:22+00:00</time></trkpt><trkpt lat="25.056507" lon="121.289997"><ele>70.2</ele><time>2026-09-25T05:07:26+00:00</time></trkpt><trkpt lat="25.056676" lon="121.289904"><ele>70.2</ele><time>2026-09-25T05:07:30+00:00</time></trkpt><trkpt lat="25.056836" lon="121.289829"><ele>70.2</ele><time>2026-09-25T05:07:34+00:00</time></trkpt><trkpt lat="25.056987" lon="121.289749"><ele>70.2</ele><time>2026-09-25T05:07:38+00:00</time></trkpt><trkpt lat="25.057131" lon="121.289671"><ele>70.4</ele><time>2026-09-25T05:07:42+00:00</time></trkpt><trkpt lat="25.057272" lon="121.289603"><ele>70.6</ele><time>2026-09-25T05:07:46+00:00</time></trkpt><trkpt lat="25.057411" lon="121.289525"><ele>70.8</ele><time>2026-09-25T05:07:50+00:00</time></trkpt><trkpt lat="25.057546" lon="121.289458"><ele>71.2</ele><time>2026-09-25T05:07:54+00:00</time></trkpt><trkpt lat="25.057666" lon="121.289402"><ele>71.4</ele><time>2026-09-25T05:07:58+00:00</time></trkpt><trkpt lat="25.057751" lon="121.289384"><ele>71.8</ele><time>2026-09-25T05:08:02+00:00</time></trkpt><trkpt lat="25.057888" lon="121.289246"><ele>72.6</ele><time>2026-09-25T05:12:05+00:00</time></trkpt><trkpt lat="25.058027" lon="121.289161"><ele>72.6</ele><time>2026-09-25T05:12:39+00:00</time></trkpt><trkpt lat="25.058154" lon="121.289090"><ele>72.8</ele><time>2026-09-25T05:12:43+00:00</time></trkpt><trkpt lat="25.058298" lon="121.289013"><ele>73.0</ele><time>2026-09-25T05:12:47+00:00</time></trkpt><trkpt lat="25.058466" lon="121.288932"><ele>73.0</ele><time>2026-09-25T05:12:51+00:00</time></trkpt><trkpt lat="25.058656" lon="121.288863"><ele>73.2</ele><time>2026-09-25T05:12:55+00:00</time></trkpt><trkpt lat="25.058861" lon="121.288820"><ele>73.2</ele><time>2026-09-25T05:12:59+00:00</time></trkpt><trkpt lat="25.059072" lon="121.288809"><ele>73.2</ele><time>2026-09-25T05:13:03+00:00</time></trkpt><trkpt lat="25.059286" lon="121.288814"><ele>73.2</ele><time>2026-09-25T05:13:07+00:00</time></trkpt><trkpt lat="25.059500" lon="121.288830"><ele>73.4</ele><time>2026-09-25T05:13:11+00:00</time></trkpt><trkpt lat="25.059715" lon="121.288845"><ele>73.4</ele><time>2026-09-25T05:13:15+00:00</time></trkpt><trkpt lat="25.059930" lon="121.288857"><ele>73.4</ele><time>2026-09-25T05:13:19+00:00</time></trkpt><trkpt lat="25.060145" lon="121.288870"><ele>73.6</ele><time>2026-09-25T05:13:23+00:00</time></trkpt><trkpt lat="25.060363" lon="121.288873"><ele>73.4</ele><time>2026-09-25T05:13:27+00:00</time></trkpt><trkpt lat="25.060587" lon="121.288882"><ele>73.4</ele><time>2026-09-25T05:13:31+00:00</time></trkpt><trkpt lat="25.060818" lon="121.288892"><ele>73.4</ele><time>2026-09-25T05:13:35+00:00</time></trkpt><trkpt lat="25.061051" lon="121.288908"><ele>73.4</ele><time>2026-09-25T05:13:39+00:00</time></trkpt><trkpt lat="25.061272" lon="121.288924"><ele>73.6</ele><time>2026-09-25T05:13:43+00:00</time></trkpt><trkpt lat="25.061480" lon="121.288938"><ele>73.8</ele><time>2026-09-25T05:13:47+00:00</time></trkpt><trkpt lat="25.061689" lon="121.288926"><ele>73.8</ele><time>2026-09-25T05:13:51+00:00</time></trkpt><trkpt lat="25.061906" lon="121.288870"><ele>73.6</ele><time>2026-09-25T05:13:55+00:00</time></trkpt><trkpt lat="25.062132" lon="121.288781"><ele>73.2</ele><time>2026-09-25T05:13:59+00:00</time></trkpt><trkpt lat="25.062366" lon="121.288690"><ele>73.0</ele><time>2026-09-25T05:14:03+00:00</time></trkpt><trkpt lat="25.062610" lon="121.288608"><ele>72.6</ele><time>2026-09-25T05:14:07+00:00</time></trkpt><trkpt lat="25.062848" lon="121.288505"><ele>72.2</ele><time>2026-09-25T05:14:11+00:00</time></trkpt><trkpt lat="25.063092" lon="121.288406"><ele>71.6</ele><time>2026-09-25T05:14:15+00:00</time></trkpt><trkpt lat="25.063340" lon="121.288299"><ele>71.2</ele><time>2026-09-25T05:14:19+00:00</time></trkpt><trkpt lat="25.063596" lon="121.288178"><ele>70.8</ele><time>2026-09-25T05:14:23+00:00</time></trkpt><trkpt lat="25.063845" lon="121.288052"><ele>70.4</ele><time>2026-09-25T05:14:27+00:00</time></trkpt><trkpt lat="25.064069" lon="121.287938"><ele>69.8</ele><time>2026-09-25T05:14:31+00:00</time></trkpt><trkpt lat="25.064239" lon="121.287859"><ele>69.2</ele><time>2026-09-25T05:14:35+00:00</time></trkpt><trkpt lat="25.064321" lon="121.287817"><ele>68.8</ele><time>2026-09-25T05:14:39+00:00</time></trkpt><trkpt lat="25.064340" lon="121.287806"><ele>68.8</ele><time>2026-09-25T05:14:43+00:00</time></trkpt><trkpt lat="25.064478" lon="121.287727"><ele>68.4</ele><time>2026-09-25T05:15:11+00:00</time></trkpt><trkpt lat="25.064652" lon="121.287647"><ele>68.0</ele><time>2026-09-25T05:15:15+00:00</time></trkpt><trkpt lat="25.064815" lon="121.287567"><ele>67.8</ele><time>2026-09-25T05:15:19+00:00</time></trkpt><trkpt lat="25.064998" lon="121.287476"><ele>67.6</ele><time>2026-09-25T05:15:23+00:00</time></trkpt><trkpt lat="25.065199" lon="121.287376"><ele>67.6</ele><time>2026-09-25T05:15:27+00:00</time></trkpt><trkpt lat="25.065413" lon="121.287276"><ele>67.4</ele><time>2026-09-25T05:15:31+00:00</time></trkpt><trkpt lat="25.065624" lon="121.287175"><ele>67.2</ele><time>2026-09-25T05:15:35+00:00</time></trkpt><trkpt lat="25.065834" lon="121.287068"><ele>66.8</ele><time>2026-09-25T05:15:39+00:00</time></trkpt><trkpt lat="25.066055" lon="121.286954"><ele>66.8</ele><time>2026-09-25T05:15:43+00:00</time></trkpt><trkpt lat="25.066276" lon="121.286845"><ele>66.6</ele><time>2026-09-25T05:15:47+00:00</time></trkpt><trkpt lat="25.066497" lon="121.286745"><ele>66.6</ele><time>2026-09-25T05:15:51+00:00</time></trkpt><trkpt lat="25.066720" lon="121.286643"><ele>66.6</ele><time>2026-09-25T05:15:55+00:00</time></trkpt><trkpt lat="25.066939" lon="121.286544"><ele>66.6</ele><time>2026-09-25T05:15:59+00:00</time></trkpt><trkpt lat="25.067148" lon="121.286444"><ele>66.4</ele><time>2026-09-25T05:16:03+00:00</time></trkpt><trkpt lat="25.067361" lon="121.286351"><ele>66.6</ele><time>2026-09-25T05:16:07+00:00</time></trkpt><trkpt lat="25.067580" lon="121.286256"><ele>67.0</ele><time>2026-09-25T05:16:11+00:00</time></trkpt><trkpt lat="25.067796" lon="121.286153"><ele>67.4</ele><time>2026-09-25T05:16:15+00:00</time></trkpt><trkpt lat="25.068014" lon="121.286055"><ele>67.4</ele><time>2026-09-25T05:16:19+00:00</time></trkpt><trkpt lat="25.068231" lon="121.285956"><ele>67.4</ele><time>2026-09-25T05:16:23+00:00</time></trkpt><trkpt lat="25.068445" lon="121.285883"><ele>67.4</ele><time>2026-09-25T05:16:27+00:00</time></trkpt><trkpt lat="25.068656" lon="121.285823"><ele>67.4</ele><time>2026-09-25T05:16:31+00:00</time></trkpt><trkpt lat="25.068859" lon="121.285767"><ele>67.4</ele><time>2026-09-25T05:16:35+00:00</time></trkpt><trkpt lat="25.069023" lon="121.285722"><ele>67.4</ele><time>2026-09-25T05:16:39+00:00</time></trkpt><trkpt lat="25.069139" lon="121.285701"><ele>67.2</ele><time>2026-09-25T05:16:43+00:00</time></trkpt><trkpt lat="25.069211" lon="121.285685"><ele>67.0</ele><time>2026-09-25T05:16:47+00:00</time></trkpt><trkpt lat="25.069225" lon="121.285609"><ele>67.0</ele><time>2026-09-25T05:16:51+00:00</time></trkpt><trkpt lat="25.069225" lon="121.285484"><ele>67.0</ele><time>2026-09-25T05:16:55+00:00</time></trkpt><trkpt lat="25.069315" lon="121.285425"><ele>67.2</ele><time>2026-09-25T05:16:59+00:00</time></trkpt><trkpt lat="25.069470" lon="121.285390"><ele>67.2</ele><time>2026-09-25T05:17:03+00:00</time></trkpt><trkpt lat="25.069589" lon="121.285327"><ele>67.2</ele><time>2026-09-25T05:17:07+00:00</time></trkpt><trkpt lat="25.069685" lon="121.285285"><ele>67.2</ele><time>2026-09-25T05:17:11+00:00</time></trkpt><trkpt lat="25.069803" lon="121.285201"><ele>67.2</ele><time>2026-09-25T05:17:15+00:00</time></trkpt><trkpt lat="25.069918" lon="121.285043"><ele>67.0</ele><time>2026-09-25T05:17:19+00:00</time></trkpt><trkpt lat="25.070038" lon="121.284868"><ele>67.0</ele><time>2026-09-25T05:17:23+00:00</time></trkpt><trkpt lat="25.070172" lon="121.284697"><ele>67.0</ele><time>2026-09-25T05:17:27+00:00</time></trkpt><trkpt lat="25.070323" lon="121.284535"><ele>67.0</ele><time>2026-09-25T05:17:31+00:00</time></trkpt><trkpt lat="25.070485" lon="121.284384"><ele>66.6</ele><time>2026-09-25T05:17:35+00:00</time></trkpt><trkpt lat="25.070653" lon="121.284257"><ele>66.4</ele><time>2026-09-25T05:17:39+00:00</time></trkpt><trkpt lat="25.070780" lon="121.284165"><ele>66.0</ele><time>2026-09-25T05:17:43+00:00</time></trkpt><trkpt lat="25.070856" lon="121.284113"><ele>65.6</ele><time>2026-09-25T05:17:47+00:00</time></trkpt><trkpt lat="25.070933" lon="121.284076"><ele>65.4</ele><time>2026-09-25T05:17:51+00:00</time></trkpt><trkpt lat="25.071068" lon="121.283997"><ele>65.4</ele><time>2026-09-25T05:17:55+00:00</time></trkpt><trkpt lat="25.071231" lon="121.283904"><ele>65.2</ele><time>2026-09-25T05:17:59+00:00</time></trkpt><trkpt lat="25.071397" lon="121.283819"><ele>65.2</ele><time>2026-09-25T05:18:03+00:00</time></trkpt><trkpt lat="25.071576" lon="121.283742"><ele>65.0</ele><time>2026-09-25T05:18:07+00:00</time></trkpt><trkpt lat="25.071765" lon="121.283670"><ele>65.0</ele><time>2026-09-25T05:18:11+00:00</time></trkpt><trkpt lat="25.071952" lon="121.283598"><ele>64.8</ele><time>2026-09-25T05:18:15+00:00</time></trkpt><trkpt lat="25.072143" lon="121.283526"><ele>64.8</ele><time>2026-09-25T05:18:19+00:00</time></trkpt><trkpt lat="25.072322" lon="121.283461"><ele>64.8</ele><time>2026-09-25T05:18:23+00:00</time></trkpt><trkpt lat="25.072499" lon="121.283389"><ele>64.6</ele><time>2026-09-25T05:18:27+00:00</time></trkpt><trkpt lat="25.072688" lon="121.283316"><ele>64.6</ele><time>2026-09-25T05:18:31+00:00</time></trkpt><trkpt lat="25.072886" lon="121.283243"><ele>64.4</ele><time>2026-09-25T05:18:35+00:00</time></trkpt><trkpt lat="25.073061" lon="121.283173"><ele>64.2</ele><time>2026-09-25T05:18:39+00:00</time></trkpt><trkpt lat="25.073196" lon="121.283116"><ele>64.0</ele><time>2026-09-25T05:18:43+00:00</time></trkpt><trkpt lat="25.073365" lon="121.283049"><ele>63.8</ele><time>2026-09-25T05:18:47+00:00</time></trkpt><trkpt lat="25.073561" lon="121.282974"><ele>63.6</ele><time>2026-09-25T05:18:51+00:00</time></trkpt><trkpt lat="25.073763" lon="121.282897"><ele>63.6</ele><time>2026-09-25T05:18:55+00:00</time></trkpt><trkpt lat="25.073961" lon="121.282823"><ele>63.4</ele><time>2026-09-25T05:18:59+00:00</time></trkpt><trkpt lat="25.074153" lon="121.282750"><ele>63.4</ele><time>2026-09-25T05:19:03+00:00</time></trkpt><trkpt lat="25.074337" lon="121.282679"><ele>63.2</ele><time>2026-09-25T05:19:07+00:00</time></trkpt><trkpt lat="25.074531" lon="121.282607"><ele>63.2</ele><time>2026-09-25T05:19:11+00:00</time></trkpt><trkpt lat="25.074741" lon="121.282533"><ele>62.8</ele><time>2026-09-25T05:19:15+00:00</time></trkpt><trkpt lat="25.074951" lon="121.282450"><ele>62.6</ele><time>2026-09-25T05:19:19+00:00</time></trkpt><trkpt lat="25.075164" lon="121.282366"><ele>62.4</ele><time>2026-09-25T05:19:23+00:00</time></trkpt><trkpt lat="25.075384" lon="121.282288"><ele>62.2</ele><time>2026-09-25T05:19:27+00:00</time></trkpt><trkpt lat="25.075601" lon="121.282205"><ele>62.2</ele><time>2026-09-25T05:19:31+00:00</time></trkpt><trkpt lat="25.075823" lon="121.282118"><ele>62.0</ele><time>2026-09-25T05:19:35+00:00</time></trkpt><trkpt lat="25.076040" lon="121.282035"><ele>61.8</ele><time>2026-09-25T05:19:39+00:00</time></trkpt><trkpt lat="25.076251" lon="121.281952"><ele>61.8</ele><time>2026-09-25T05:19:43+00:00</time></trkpt><trkpt lat="25.076473" lon="121.281871"><ele>61.6</ele><time>2026-09-25T05:19:47+00:00</time></trkpt><trkpt lat="25.076687" lon="121.281789"><ele>61.2</ele><time>2026-09-25T05:19:51+00:00</time></trkpt><trkpt lat="25.076901" lon="121.281708"><ele>60.8</ele><time>2026-09-25T05:19:55+00:00</time></trkpt><trkpt lat="25.077111" lon="121.281624"><ele>60.4</ele><time>2026-09-25T05:19:59+00:00</time></trkpt><trkpt lat="25.077329" lon="121.281539"><ele>60.2</ele><time>2026-09-25T05:20:03+00:00</time></trkpt><trkpt lat="25.077537" lon="121.281463"><ele>60.0</ele><time>2026-09-25T05:20:07+00:00</time></trkpt><trkpt lat="25.077733" lon="121.281389"><ele>60.0</ele><time>2026-09-25T05:20:11+00:00</time></trkpt><trkpt lat="25.077937" lon="121.281317"><ele>59.8</ele><time>2026-09-25T05:20:15+00:00</time></trkpt><trkpt lat="25.078146" lon="121.281238"><ele>60.0</ele><time>2026-09-25T05:20:19+00:00</time></trkpt><trkpt lat="25.078359" lon="121.281155"><ele>60.0</ele><time>2026-09-25T05:20:23+00:00</time></trkpt><trkpt lat="25.078577" lon="121.281079"><ele>59.6</ele><time>2026-09-25T05:20:27+00:00</time></trkpt><trkpt lat="25.078796" lon="121.281000"><ele>59.4</ele><time>2026-09-25T05:20:31+00:00</time></trkpt><trkpt lat="25.079015" lon="121.280914"><ele>59.2</ele><time>2026-09-25T05:20:35+00:00</time></trkpt><trkpt lat="25.079237" lon="121.280824"><ele>59.0</ele><time>2026-09-25T05:20:39+00:00</time></trkpt><trkpt lat="25.079467" lon="121.280746"><ele>59.2</ele><time>2026-09-25T05:20:43+00:00</time></trkpt><trkpt lat="25.079696" lon="121.280674"><ele>59.4</ele><time>2026-09-25T05:20:47+00:00</time></trkpt><trkpt lat="25.079915" lon="121.280609"><ele>59.6</ele><time>2026-09-25T05:20:51+00:00</time></trkpt><trkpt lat="25.080127" lon="121.280549"><ele>59.8</ele><time>2026-09-25T05:20:55+00:00</time></trkpt><trkpt lat="25.080323" lon="121.280458"><ele>60.2</ele><time>2026-09-25T05:20:59+00:00</time></trkpt><trkpt lat="25.080526" lon="121.280356"><ele>60.6</ele><time>2026-09-25T05:21:03+00:00</time></trkpt><trkpt lat="25.080733" lon="121.280258"><ele>61.0</ele><time>2026-09-25T05:21:07+00:00</time></trkpt><trkpt lat="25.080938" lon="121.280173"><ele>60.8</ele><time>2026-09-25T05:21:11+00:00</time></trkpt><trkpt lat="25.081167" lon="121.280088"><ele>60.4</ele><time>2026-09-25T05:21:15+00:00</time></trkpt><trkpt lat="25.081409" lon="121.280003"><ele>59.8</ele><time>2026-09-25T05:21:19+00:00</time></trkpt><trkpt lat="25.081651" lon="121.279897"><ele>59.4</ele><time>2026-09-25T05:21:23+00:00</time></trkpt><trkpt lat="25.081870" lon="121.279767"><ele>59.4</ele><time>2026-09-25T05:21:27+00:00</time></trkpt><trkpt lat="25.082079" lon="121.279638"><ele>59.8</ele><time>2026-09-25T05:21:31+00:00</time></trkpt><trkpt lat="25.082278" lon="121.279502"><ele>60.0</ele><time>2026-09-25T05:21:35+00:00</time></trkpt><trkpt lat="25.082486" lon="121.279364"><ele>59.8</ele><time>2026-09-25T05:21:39+00:00</time></trkpt><trkpt lat="25.082699" lon="121.279222"><ele>59.4</ele><time>2026-09-25T05:21:43+00:00</time></trkpt><trkpt lat="25.082917" lon="121.279080"><ele>59.0</ele><time>2026-09-25T05:21:47+00:00</time></trkpt><trkpt lat="25.083139" lon="121.278940"><ele>58.6</ele><time>2026-09-25T05:21:51+00:00</time></trkpt><trkpt lat="25.083358" lon="121.278791"><ele>58.4</ele><time>2026-09-25T05:21:55+00:00</time></trkpt><trkpt lat="25.083582" lon="121.278642"><ele>58.4</ele><time>2026-09-25T05:21:59+00:00</time></trkpt><trkpt lat="25.083799" lon="121.278501"><ele>58.4</ele><time>2026-09-25T05:22:03+00:00</time></trkpt><trkpt lat="25.084009" lon="121.278361"><ele>58.4</ele><time>2026-09-25T05:22:07+00:00</time></trkpt><trkpt lat="25.084222" lon="121.278225"><ele>58.4</ele><time>2026-09-25T05:22:11+00:00</time></trkpt><trkpt lat="25.084433" lon="121.278096"><ele>58.2</ele><time>2026-09-25T05:22:15+00:00</time></trkpt><trkpt lat="25.084623" lon="121.277977"><ele>57.6</ele><time>2026-09-25T05:22:19+00:00</time></trkpt><trkpt lat="25.084769" lon="121.277876"><ele>57.4</ele><time>2026-09-25T05:22:23+00:00</time></trkpt><trkpt lat="25.084892" lon="121.277804"><ele>57.4</ele><time>2026-09-25T05:22:27+00:00</time></trkpt><trkpt lat="25.085018" lon="121.277720"><ele>57.4</ele><time>2026-09-25T05:22:31+00:00</time></trkpt><trkpt lat="25.085180" lon="121.277616"><ele>57.4</ele><time>2026-09-25T05:22:35+00:00</time></trkpt><trkpt lat="25.085364" lon="121.277502"><ele>57.2</ele><time>2026-09-25T05:22:39+00:00</time></trkpt><trkpt lat="25.085564" lon="121.277374"><ele>56.8</ele><time>2026-09-25T05:22:43+00:00</time></trkpt><trkpt lat="25.085770" lon="121.277243"><ele>56.4</ele><time>2026-09-25T05:22:47+00:00</time></trkpt><trkpt lat="25.085976" lon="121.277107"><ele>56.2</ele><time>2026-09-25T05:22:51+00:00</time></trkpt><trkpt lat="25.086192" lon="121.276972"><ele>56.0</ele><time>2026-09-25T05:22:55+00:00</time></trkpt><trkpt lat="25.086412" lon="121.276829"><ele>55.8</ele><time>2026-09-25T05:22:59+00:00</time></trkpt><trkpt lat="25.086636" lon="121.276685"><ele>55.8</ele><time>2026-09-25T05:23:03+00:00</time></trkpt><trkpt lat="25.086858" lon="121.276531"><ele>55.6</ele><time>2026-09-25T05:23:07+00:00</time></trkpt><trkpt lat="25.087086" lon="121.276379"><ele>55.4</ele><time>2026-09-25T05:23:11+00:00</time></trkpt><trkpt lat="25.087318" lon="121.276233"><ele>55.4</ele><time>2026-09-25T05:23:15+00:00</time></trkpt><trkpt lat="25.087543" lon="121.276087"><ele>55.2</ele><time>2026-09-25T05:23:19+00:00</time></trkpt><trkpt lat="25.087763" lon="121.275941"><ele>55.0</ele><time>2026-09-25T05:23:23+00:00</time></trkpt><trkpt lat="25.087984" lon="121.275802"><ele>54.8</ele><time>2026-09-25T05:23:27+00:00</time></trkpt><trkpt lat="25.088206" lon="121.275669"><ele>54.6</ele><time>2026-09-25T05:23:31+00:00</time></trkpt><trkpt lat="25.088426" lon="121.275536"><ele>54.8</ele><time>2026-09-25T05:23:35+00:00</time></trkpt><trkpt lat="25.088646" lon="121.275410"><ele>54.6</ele><time>2026-09-25T05:23:39+00:00</time></trkpt><trkpt lat="25.088876" lon="121.275293"><ele>54.4</ele><time>2026-09-25T05:23:43+00:00</time></trkpt><trkpt lat="25.089101" lon="121.275161"><ele>54.0</ele><time>2026-09-25T05:23:47+00:00</time></trkpt><trkpt lat="25.089325" lon="121.275035"><ele>53.6</ele><time>2026-09-25T05:23:51+00:00</time></trkpt><trkpt lat="25.089561" lon="121.274919"><ele>53.2</ele><time>2026-09-25T05:23:55+00:00</time></trkpt><trkpt lat="25.089796" lon="121.274797"><ele>53.0</ele><time>2026-09-25T05:23:59+00:00</time></trkpt><trkpt lat="25.090030" lon="121.274685"><ele>52.8</ele><time>2026-09-25T05:24:03+00:00</time></trkpt><trkpt lat="25.090272" lon="121.274607"><ele>52.8</ele><time>2026-09-25T05:24:07+00:00</time></trkpt><trkpt lat="25.090499" lon="121.274541"><ele>52.4</ele><time>2026-09-25T05:24:11+00:00</time></trkpt><trkpt lat="25.090700" lon="121.274476"><ele>52.2</ele><time>2026-09-25T05:24:15+00:00</time></trkpt><trkpt lat="25.090914" lon="121.274416"><ele>52.0</ele><time>2026-09-25T05:24:19+00:00</time></trkpt><trkpt lat="25.091142" lon="121.274345"><ele>51.6</ele><time>2026-09-25T05:24:23+00:00</time></trkpt><trkpt lat="25.091371" lon="121.274268"><ele>51.2</ele><time>2026-09-25T05:24:27+00:00</time></trkpt><trkpt lat="25.091602" lon="121.274192"><ele>51.2</ele><time>2026-09-25T05:24:31+00:00</time></trkpt><trkpt lat="25.091842" lon="121.274110"><ele>51.0</ele><time>2026-09-25T05:24:35+00:00</time></trkpt><trkpt lat="25.092095" lon="121.274030"><ele>50.6</ele><time>2026-09-25T05:24:39+00:00</time></trkpt><trkpt lat="25.092350" lon="121.273953"><ele>50.4</ele><time>2026-09-25T05:24:43+00:00</time></trkpt><trkpt lat="25.092596" lon="121.273879"><ele>50.2</ele><time>2026-09-25T05:24:47+00:00</time></trkpt><trkpt lat="25.092833" lon="121.273806"><ele>49.6</ele><time>2026-09-25T05:24:51+00:00</time></trkpt><trkpt lat="25.093066" lon="121.273741"><ele>49.0</ele><time>2026-09-25T05:24:55+00:00</time></trkpt><trkpt lat="25.093299" lon="121.273679"><ele>48.6</ele><time>2026-09-25T05:24:59+00:00</time></trkpt><trkpt lat="25.093535" lon="121.273614"><ele>48.4</ele><time>2026-09-25T05:25:03+00:00</time></trkpt><trkpt lat="25.093779" lon="121.273580"><ele>48.0</ele><time>2026-09-25T05:25:07+00:00</time></trkpt><trkpt lat="25.094032" lon="121.273577"><ele>47.6</ele><time>2026-09-25T05:25:11+00:00</time></trkpt><trkpt lat="25.094291" lon="121.273603"><ele>47.0</ele><time>2026-09-25T05:25:15+00:00</time></trkpt><trkpt lat="25.094551" lon="121.273634"><ele>46.6</ele><time>2026-09-25T05:25:19+00:00</time></trkpt><trkpt lat="25.094811" lon="121.273654"><ele>46.4</ele><time>2026-09-25T05:25:23+00:00</time></trkpt><trkpt lat="25.095055" lon="121.273673"><ele>46.4</ele><time>2026-09-25T05:25:27+00:00</time></trkpt><trkpt lat="25.095254" lon="121.273688"><ele>46.0</ele><time>2026-09-25T05:25:31+00:00</time></trkpt><trkpt lat="25.095384" lon="121.273702"><ele>45.8</ele><time>2026-09-25T05:25:35+00:00</time></trkpt><trkpt lat="25.095507" lon="121.273707"><ele>46.0</ele><time>2026-09-25T05:25:39+00:00</time></trkpt><trkpt lat="25.095644" lon="121.273715"><ele>46.2</ele><time>2026-09-25T05:25:43+00:00</time></trkpt><trkpt lat="25.095787" lon="121.273721"><ele>46.4</ele><time>2026-09-25T05:25:47+00:00</time></trkpt><trkpt lat="25.095934" lon="121.273727"><ele>46.4</ele><time>2026-09-25T05:25:51+00:00</time></trkpt><trkpt lat="25.096086" lon="121.273735"><ele>46.2</ele><time>2026-09-25T05:25:55+00:00</time></trkpt><trkpt lat="25.096261" lon="121.273752"><ele>46.2</ele><time>2026-09-25T05:25:59+00:00</time></trkpt><trkpt lat="25.096460" lon="121.273774"><ele>46.2</ele><time>2026-09-25T05:26:03+00:00</time></trkpt><trkpt lat="25.096678" lon="121.273792"><ele>46.0</ele><time>2026-09-25T05:26:07+00:00</time></trkpt><trkpt lat="25.096903" lon="121.273811"><ele>46.0</ele><time>2026-09-25T05:26:11+00:00</time></trkpt><trkpt lat="25.097124" lon="121.273831"><ele>46.0</ele><time>2026-09-25T05:26:15+00:00</time></trkpt><trkpt lat="25.097344" lon="121.273839"><ele>46.0</ele><time>2026-09-25T05:26:19+00:00</time></trkpt><trkpt lat="25.097561" lon="121.273828"><ele>45.8</ele><time>2026-09-25T05:26:23+00:00</time></trkpt><trkpt lat="25.097767" lon="121.273804"><ele>45.8</ele><time>2026-09-25T05:26:27+00:00</time></trkpt><trkpt lat="25.097953" lon="121.273746"><ele>45.8</ele><time>2026-09-25T05:26:31+00:00</time></trkpt><trkpt lat="25.098063" lon="121.273675"><ele>45.4</ele><time>2026-09-25T05:26:35+00:00</time></trkpt><trkpt lat="25.098168" lon="121.273543"><ele>44.6</ele><time>2026-09-25T05:27:09+00:00</time></trkpt><trkpt lat="25.098288" lon="121.273417"><ele>44.8</ele><time>2026-09-25T05:27:13+00:00</time></trkpt><trkpt lat="25.098419" lon="121.273285"><ele>44.8</ele><time>2026-09-25T05:27:17+00:00</time></trkpt><trkpt lat="25.098571" lon="121.273149"><ele>45.0</ele><time>2026-09-25T05:27:21+00:00</time></trkpt><trkpt lat="25.098732" lon="121.273018"><ele>45.2</ele><time>2026-09-25T05:27:25+00:00</time></trkpt><trkpt lat="25.098900" lon="121.272869"><ele>45.2</ele><time>2026-09-25T05:27:29+00:00</time></trkpt><trkpt lat="25.099072" lon="121.272700"><ele>44.6</ele><time>2026-09-25T05:27:33+00:00</time></trkpt><trkpt lat="25.099251" lon="121.272521"><ele>43.8</ele><time>2026-09-25T05:27:37+00:00</time></trkpt><trkpt lat="25.099450" lon="121.272338"><ele>43.2</ele><time>2026-09-25T05:27:41+00:00</time></trkpt><trkpt lat="25.099659" lon="121.272147"><ele>43.0</ele><time>2026-09-25T05:27:45+00:00</time></trkpt><trkpt lat="25.099861" lon="121.271950"><ele>42.8</ele><time>2026-09-25T05:27:49+00:00</time></trkpt><trkpt lat="25.100071" lon="121.271749"><ele>42.4</ele><time>2026-09-25T05:27:53+00:00</time></trkpt><trkpt lat="25.100288" lon="121.271548"><ele>42.2</ele><time>2026-09-25T05:27:57+00:00</time></trkpt><trkpt lat="25.100482" lon="121.271361"><ele>42.2</ele><time>2026-09-25T05:28:01+00:00</time></trkpt><trkpt lat="25.100657" lon="121.271195"><ele>42.2</ele><time>2026-09-25T05:28:05+00:00</time></trkpt><trkpt lat="25.100817" lon="121.271036"><ele>41.6</ele><time>2026-09-25T05:28:09+00:00</time></trkpt><trkpt lat="25.100977" lon="121.270879"><ele>41.0</ele><time>2026-09-25T05:28:13+00:00</time></trkpt><trkpt lat="25.101141" lon="121.270715"><ele>40.6</ele><time>2026-09-25T05:28:17+00:00</time></trkpt><trkpt lat="25.101315" lon="121.270546"><ele>40.8</ele><time>2026-09-25T05:28:21+00:00</time></trkpt><trkpt lat="25.101495" lon="121.270372"><ele>41.0</ele><time>2026-09-25T05:28:25+00:00</time></trkpt><trkpt lat="25.101680" lon="121.270199"><ele>41.0</ele><time>2026-09-25T05:28:29+00:00</time></trkpt><trkpt lat="25.101866" lon="121.270026"><ele>41.0</ele><time>2026-09-25T05:28:33+00:00</time></trkpt><trkpt lat="25.102041" lon="121.269851"><ele>41.2</ele><time>2026-09-25T05:28:37+00:00</time></trkpt><trkpt lat="25.102212" lon="121.269676"><ele>41.2</ele><time>2026-09-25T05:28:41+00:00</time></trkpt><trkpt lat="25.102380" lon="121.269506"><ele>40.8</ele><time>2026-09-25T05:28:45+00:00</time></trkpt><trkpt lat="25.102546" lon="121.269334"><ele>40.4</ele><time>2026-09-25T05:28:49+00:00</time></trkpt><trkpt lat="25.102686" lon="121.269185"><ele>40.4</ele><time>2026-09-25T05:28:53+00:00</time></trkpt><trkpt lat="25.102792" lon="121.269070"><ele>40.6</ele><time>2026-09-25T05:28:57+00:00</time></trkpt><trkpt lat="25.102880" lon="121.268953"><ele>40.8</ele><time>2026-09-25T05:29:27+00:00</time></trkpt><trkpt lat="25.102986" lon="121.268819"><ele>41.0</ele><time>2026-09-25T05:29:31+00:00</time></trkpt><trkpt lat="25.103101" lon="121.268699"><ele>41.0</ele><time>2026-09-25T05:29:35+00:00</time></trkpt><trkpt lat="25.103230" lon="121.268560"><ele>41.0</ele><time>2026-09-25T05:29:39+00:00</time></trkpt><trkpt lat="25.103364" lon="121.268415"><ele>41.0</ele><time>2026-09-25T05:29:43+00:00</time></trkpt><trkpt lat="25.103507" lon="121.268258"><ele>40.8</ele><time>2026-09-25T05:29:47+00:00</time></trkpt><trkpt lat="25.103660" lon="121.268086"><ele>41.0</ele><time>2026-09-25T05:29:51+00:00</time></trkpt><trkpt lat="25.103810" lon="121.267911"><ele>41.4</ele><time>2026-09-25T05:29:55+00:00</time></trkpt><trkpt lat="25.103971" lon="121.267771"><ele>41.8</ele><time>2026-09-25T05:29:59+00:00</time></trkpt><trkpt lat="25.104117" lon="121.267624"><ele>41.8</ele><time>2026-09-25T05:30:03+00:00</time></trkpt><trkpt lat="25.104262" lon="121.267468"><ele>41.8</ele><time>2026-09-25T05:30:07+00:00</time></trkpt><trkpt lat="25.104418" lon="121.267300"><ele>41.2</ele><time>2026-09-25T05:30:11+00:00</time></trkpt><trkpt lat="25.104578" lon="121.267114"><ele>41.0</ele><time>2026-09-25T05:30:15+00:00</time></trkpt><trkpt lat="25.104742" lon="121.266918"><ele>40.8</ele><time>2026-09-25T05:30:19+00:00</time></trkpt><trkpt lat="25.104917" lon="121.266731"><ele>40.8</ele><time>2026-09-25T05:30:23+00:00</time></trkpt><trkpt lat="25.105088" lon="121.266549"><ele>40.8</ele><time>2026-09-25T05:30:27+00:00</time></trkpt><trkpt lat="25.105253" lon="121.266369"><ele>40.8</ele><time>2026-09-25T05:30:31+00:00</time></trkpt><trkpt lat="25.105415" lon="121.266181"><ele>40.6</ele><time>2026-09-25T05:30:35+00:00</time></trkpt><trkpt lat="25.105575" lon="121.266000"><ele>40.4</ele><time>2026-09-25T05:30:39+00:00</time></trkpt><trkpt lat="25.105723" lon="121.265849"><ele>40.0</ele><time>2026-09-25T05:30:43+00:00</time></trkpt><trkpt lat="25.105867" lon="121.265692"><ele>39.8</ele><time>2026-09-25T05:30:47+00:00</time></trkpt><trkpt lat="25.106014" lon="121.265528"><ele>39.6</ele><time>2026-09-25T05:30:51+00:00</time></trkpt><trkpt lat="25.106166" lon="121.265357"><ele>39.6</ele><time>2026-09-25T05:30:55+00:00</time></trkpt><trkpt lat="25.106325" lon="121.265187"><ele>39.4</ele><time>2026-09-25T05:30:59+00:00</time></trkpt><trkpt lat="25.106484" lon="121.265011"><ele>39.4</ele><time>2026-09-25T05:31:03+00:00</time></trkpt><trkpt lat="25.106635" lon="121.264838"><ele>39.6</ele><time>2026-09-25T05:31:07+00:00</time></trkpt><trkpt lat="25.106787" lon="121.264674"><ele>39.8</ele><time>2026-09-25T05:31:11+00:00</time></trkpt><trkpt lat="25.106954" lon="121.264497"><ele>39.6</ele><time>2026-09-25T05:31:15+00:00</time></trkpt><trkpt lat="25.107128" lon="121.264309"><ele>39.2</ele><time>2026-09-25T05:31:19+00:00</time></trkpt><trkpt lat="25.107294" lon="121.264122"><ele>38.8</ele><time>2026-09-25T05:31:23+00:00</time></trkpt><trkpt lat="25.107438" lon="121.263926"><ele>38.6</ele><time>2026-09-25T05:31:27+00:00</time></trkpt><trkpt lat="25.107542" lon="121.263699"><ele>38.4</ele><time>2026-09-25T05:31:31+00:00</time></trkpt><trkpt lat="25.107578" lon="121.263445"><ele>38.2</ele><time>2026-09-25T05:31:35+00:00</time></trkpt><trkpt lat="25.107597" lon="121.263188"><ele>38.2</ele><time>2026-09-25T05:31:39+00:00</time></trkpt><trkpt lat="25.107618" lon="121.262939"><ele>38.2</ele><time>2026-09-25T05:31:43+00:00</time></trkpt><trkpt lat="25.107644" lon="121.262698"><ele>38.0</ele><time>2026-09-25T05:31:47+00:00</time></trkpt><trkpt lat="25.107666" lon="121.262484"><ele>38.0</ele><time>2026-09-25T05:31:51+00:00</time></trkpt><trkpt lat="25.107685" lon="121.262304"><ele>37.8</ele><time>2026-09-25T05:31:55+00:00</time></trkpt><trkpt lat="25.107704" lon="121.262142"><ele>37.8</ele><time>2026-09-25T05:31:59+00:00</time></trkpt><trkpt lat="25.107717" lon="121.262028"><ele>37.8</ele><time>2026-09-25T05:32:03+00:00</time></trkpt><trkpt lat="25.107736" lon="121.261938"><ele>37.6</ele><time>2026-09-25T05:32:07+00:00</time></trkpt><trkpt lat="25.107751" lon="121.261828"><ele>37.6</ele><time>2026-09-25T05:32:11+00:00</time></trkpt><trkpt lat="25.107705" lon="121.261700"><ele>37.6</ele><time>2026-09-25T05:32:15+00:00</time></trkpt><trkpt lat="25.107633" lon="121.261550"><ele>37.6</ele><time>2026-09-25T05:32:19+00:00</time></trkpt><trkpt lat="25.107685" lon="121.261427"><ele>37.8</ele><time>2026-09-25T05:32:23+00:00</time></trkpt><trkpt lat="25.107782" lon="121.261350"><ele>38.0</ele><time>2026-09-25T05:32:27+00:00</time></trkpt><trkpt lat="25.107825" lon="121.261179"><ele>38.0</ele><time>2026-09-25T05:32:31+00:00</time></trkpt><trkpt lat="25.107835" lon="121.260951"><ele>37.4</ele><time>2026-09-25T05:32:35+00:00</time></trkpt><trkpt lat="25.107841" lon="121.260704"><ele>36.6</ele><time>2026-09-25T05:32:39+00:00</time></trkpt><trkpt lat="25.107851" lon="121.260423"><ele>36.2</ele><time>2026-09-25T05:32:43+00:00</time></trkpt><trkpt lat="25.107878" lon="121.260147"><ele>36.4</ele><time>2026-09-25T05:32:47+00:00</time></trkpt><trkpt lat="25.107918" lon="121.259868"><ele>36.4</ele><time>2026-09-25T05:32:51+00:00</time></trkpt><trkpt lat="25.107962" lon="121.259584"><ele>36.0</ele><time>2026-09-25T05:32:55+00:00</time></trkpt><trkpt lat="25.108012" lon="121.259297"><ele>35.8</ele><time>2026-09-25T05:32:59+00:00</time></trkpt><trkpt lat="25.108044" lon="121.259052"><ele>35.6</ele><time>2026-09-25T05:33:03+00:00</time></trkpt><trkpt lat="25.108069" lon="121.258832"><ele>35.6</ele><time>2026-09-25T05:33:07+00:00</time></trkpt><trkpt lat="25.108097" lon="121.258579"><ele>35.4</ele><time>2026-09-25T05:33:11+00:00</time></trkpt><trkpt lat="25.108125" lon="121.258315"><ele>35.0</ele><time>2026-09-25T05:33:15+00:00</time></trkpt><trkpt lat="25.108157" lon="121.258046"><ele>35.0</ele><time>2026-09-25T05:33:19+00:00</time></trkpt><trkpt lat="25.108196" lon="121.257784"><ele>35.2</ele><time>2026-09-25T05:33:23+00:00</time></trkpt><trkpt lat="25.108230" lon="121.257536"><ele>34.8</ele><time>2026-09-25T05:33:27+00:00</time></trkpt><trkpt lat="25.108256" lon="121.257280"><ele>34.2</ele><time>2026-09-25T05:33:31+00:00</time></trkpt><trkpt lat="25.108284" lon="121.257013"><ele>33.6</ele><time>2026-09-25T05:33:35+00:00</time></trkpt><trkpt lat="25.108313" lon="121.256773"><ele>33.4</ele><time>2026-09-25T05:33:39+00:00</time></trkpt><trkpt lat="25.108336" lon="121.256565"><ele>33.6</ele><time>2026-09-25T05:33:43+00:00</time></trkpt><trkpt lat="25.108361" lon="121.256387"><ele>33.4</ele><time>2026-09-25T05:33:47+00:00</time></trkpt><trkpt lat="25.108380" lon="121.256237"><ele>33.2</ele><time>2026-09-25T05:33:51+00:00</time></trkpt><trkpt lat="25.108399" lon="121.256070"><ele>33.0</ele><time>2026-09-25T05:33:55+00:00</time></trkpt><trkpt lat="25.108408" lon="121.255857"><ele>32.8</ele><time>2026-09-25T05:33:59+00:00</time></trkpt><trkpt lat="25.108435" lon="121.255605"><ele>32.2</ele><time>2026-09-25T05:34:03+00:00</time></trkpt><trkpt lat="25.108458" lon="121.255346"><ele>31.2</ele><time>2026-09-25T05:34:07+00:00</time></trkpt><trkpt lat="25.108485" lon="121.255064"><ele>30.6</ele><time>2026-09-25T05:34:11+00:00</time></trkpt><trkpt lat="25.108514" lon="121.254811"><ele>30.0</ele><time>2026-09-25T05:34:15+00:00</time></trkpt><trkpt lat="25.108545" lon="121.254612"><ele>29.6</ele><time>2026-09-25T05:34:19+00:00</time></trkpt><trkpt lat="25.108559" lon="121.254466"><ele>29.4</ele><time>2026-09-25T05:34:23+00:00</time></trkpt><trkpt lat="25.108584" lon="121.254329"><ele>29.2</ele><time>2026-09-25T05:34:27+00:00</time></trkpt><trkpt lat="25.108618" lon="121.254183"><ele>29.4</ele><time>2026-09-25T05:34:31+00:00</time></trkpt><trkpt lat="25.108641" lon="121.254077"><ele>29.8</ele><time>2026-09-25T05:35:10+00:00</time></trkpt><trkpt lat="25.108646" lon="121.253907"><ele>30.0</ele><time>2026-09-25T05:35:14+00:00</time></trkpt><trkpt lat="25.108652" lon="121.253788"><ele>30.2</ele><time>2026-09-25T05:35:18+00:00</time></trkpt><trkpt lat="25.108669" lon="121.253666"><ele>30.2</ele><time>2026-09-25T05:35:22+00:00</time></trkpt><trkpt lat="25.108689" lon="121.253549"><ele>30.2</ele><time>2026-09-25T05:35:26+00:00</time></trkpt><trkpt lat="25.108707" lon="121.253371"><ele>29.8</ele><time>2026-09-25T05:35:30+00:00</time></trkpt><trkpt lat="25.108735" lon="121.253149"><ele>29.4</ele><time>2026-09-25T05:35:34+00:00</time></trkpt><trkpt lat="25.108768" lon="121.252920"><ele>29.2</ele><time>2026-09-25T05:35:38+00:00</time></trkpt><trkpt lat="25.108785" lon="121.252692"><ele>29.0</ele><time>2026-09-25T05:35:42+00:00</time></trkpt><trkpt lat="25.108810" lon="121.252462"><ele>29.0</ele><time>2026-09-25T05:35:46+00:00</time></trkpt><trkpt lat="25.108843" lon="121.252210"><ele>29.0</ele><time>2026-09-25T05:35:50+00:00</time></trkpt><trkpt lat="25.108867" lon="121.251947"><ele>29.6</ele><time>2026-09-25T05:35:54+00:00</time></trkpt><trkpt lat="25.108893" lon="121.251694"><ele>29.8</ele><time>2026-09-25T05:35:58+00:00</time></trkpt><trkpt lat="25.108925" lon="121.251454"><ele>29.6</ele><time>2026-09-25T05:36:02+00:00</time></trkpt><trkpt lat="25.108951" lon="121.251216"><ele>29.4</ele><time>2026-09-25T05:36:06+00:00</time></trkpt><trkpt lat="25.108978" lon="121.250966"><ele>29.6</ele><time>2026-09-25T05:36:10+00:00</time></trkpt><trkpt lat="25.109004" lon="121.250716"><ele>29.4</ele><time>2026-09-25T05:36:14+00:00</time></trkpt><trkpt lat="25.109038" lon="121.250475"><ele>29.4</ele><time>2026-09-25T05:36:18+00:00</time></trkpt><trkpt lat="25.109058" lon="121.250268"><ele>29.4</ele><time>2026-09-25T05:36:22+00:00</time></trkpt><trkpt lat="25.109073" lon="121.250079"><ele>29.4</ele><time>2026-09-25T05:36:26+00:00</time></trkpt><trkpt lat="25.109096" lon="121.249900"><ele>29.2</ele><time>2026-09-25T05:36:30+00:00</time></trkpt><trkpt lat="25.109115" lon="121.249731"><ele>29.0</ele><time>2026-09-25T05:36:34+00:00</time></trkpt><trkpt lat="25.109130" lon="121.249604"><ele>29.0</ele><time>2026-09-25T05:36:38+00:00</time></trkpt><trkpt lat="25.109149" lon="121.249555"><ele>29.2</ele><time>2026-09-25T05:36:42+00:00</time></trkpt><trkpt lat="25.109157" lon="121.249502"><ele>29.4</ele><time>2026-09-25T05:36:50+00:00</time></trkpt><trkpt lat="25.109164" lon="121.249338"><ele>29.6</ele><time>2026-09-25T05:36:54+00:00</time></trkpt><trkpt lat="25.109109" lon="121.249169"><ele>29.8</ele><time>2026-09-25T05:36:58+00:00</time></trkpt><trkpt lat="25.108988" lon="121.249018"><ele>30.4</ele><time>2026-09-25T05:37:02+00:00</time></trkpt><trkpt lat="25.108868" lon="121.248849"><ele>31.4</ele><time>2026-09-25T05:37:06+00:00</time></trkpt><trkpt lat="25.108752" lon="121.248673"><ele>32.4</ele><time>2026-09-25T05:37:10+00:00</time></trkpt><trkpt lat="25.108636" lon="121.248494"><ele>33.0</ele><time>2026-09-25T05:37:14+00:00</time></trkpt><trkpt lat="25.108507" lon="121.248310"><ele>33.6</ele><time>2026-09-25T05:37:18+00:00</time></trkpt><trkpt lat="25.108375" lon="121.248118"><ele>34.2</ele><time>2026-09-25T05:37:22+00:00</time></trkpt><trkpt lat="25.108247" lon="121.247926"><ele>34.6</ele><time>2026-09-25T05:37:26+00:00</time></trkpt><trkpt lat="25.108118" lon="121.247737"><ele>35.0</ele><time>2026-09-25T05:37:30+00:00</time></trkpt><trkpt lat="25.107985" lon="121.247534"><ele>35.0</ele><time>2026-09-25T05:37:34+00:00</time></trkpt><trkpt lat="25.107844" lon="121.247321"><ele>35.2</ele><time>2026-09-25T05:37:38+00:00</time></trkpt><trkpt lat="25.107690" lon="121.247094"><ele>35.2</ele><time>2026-09-25T05:37:42+00:00</time></trkpt><trkpt lat="25.107537" lon="121.246860"><ele>34.8</ele><time>2026-09-25T05:37:46+00:00</time></trkpt><trkpt lat="25.107418" lon="121.246643"><ele>33.6</ele><time>2026-09-25T05:37:50+00:00</time></trkpt><trkpt lat="25.107348" lon="121.246401"><ele>32.8</ele><time>2026-09-25T05:37:54+00:00</time></trkpt><trkpt lat="25.107205" lon="121.246178"><ele>32.2</ele><time>2026-09-25T05:37:58+00:00</time></trkpt><trkpt lat="25.107029" lon="121.245962"><ele>31.8</ele><time>2026-09-25T05:38:02+00:00</time></trkpt><trkpt lat="25.106858" lon="121.245730"><ele>31.2</ele><time>2026-09-25T05:38:06+00:00</time></trkpt><trkpt lat="25.106714" lon="121.245519"><ele>31.2</ele><time>2026-09-25T05:38:10+00:00</time></trkpt><trkpt lat="25.106631" lon="121.245392"><ele>31.2</ele><time>2026-09-25T05:38:14+00:00</time></trkpt><trkpt lat="25.106544" lon="121.245222"><ele>31.2</ele><time>2026-09-25T05:39:13+00:00</time></trkpt><trkpt lat="25.106453" lon="121.245077"><ele>31.2</ele><time>2026-09-25T05:39:17+00:00</time></trkpt><trkpt lat="25.106335" lon="121.244941"><ele>31.0</ele><time>2026-09-25T05:39:21+00:00</time></trkpt><trkpt lat="25.106198" lon="121.244788"><ele>31.0</ele><time>2026-09-25T05:39:25+00:00</time></trkpt><trkpt lat="25.106056" lon="121.244627"><ele>31.0</ele><time>2026-09-25T05:39:29+00:00</time></trkpt><trkpt lat="25.105924" lon="121.244432"><ele>31.2</ele><time>2026-09-25T05:39:33+00:00</time></trkpt><trkpt lat="25.105787" lon="121.244216"><ele>31.4</ele><time>2026-09-25T05:39:37+00:00</time></trkpt><trkpt lat="25.105639" lon="121.243997"><ele>31.2</ele><time>2026-09-25T05:39:41+00:00</time></trkpt><trkpt lat="25.105496" lon="121.243787"><ele>31.2</ele><time>2026-09-25T05:39:45+00:00</time></trkpt><trkpt lat="25.105361" lon="121.243615"><ele>31.6</ele><time>2026-09-25T05:39:49+00:00</time></trkpt><trkpt lat="25.105212" lon="121.243450"><ele>32.0</ele><time>2026-09-25T05:39:53+00:00</time></trkpt><trkpt lat="25.105050" lon="121.243282"><ele>32.2</ele><time>2026-09-25T05:39:57+00:00</time></trkpt><trkpt lat="25.104879" lon="121.243132"><ele>32.2</ele><time>2026-09-25T05:40:01+00:00</time></trkpt><trkpt lat="25.104720" lon="121.242991"><ele>32.6</ele><time>2026-09-25T05:40:05+00:00</time></trkpt><trkpt lat="25.104562" lon="121.242854"><ele>32.8</ele><time>2026-09-25T05:40:09+00:00</time></trkpt><trkpt lat="25.104391" lon="121.242705"><ele>33.0</ele><time>2026-09-25T05:40:13+00:00</time></trkpt><trkpt lat="25.104212" lon="121.242533"><ele>33.2</ele><time>2026-09-25T05:40:17+00:00</time></trkpt><trkpt lat="25.104028" lon="121.242349"><ele>33.4</ele><time>2026-09-25T05:40:21+00:00</time></trkpt><trkpt lat="25.103838" lon="121.242177"><ele>33.6</ele><time>2026-09-25T05:40:25+00:00</time></trkpt><trkpt lat="25.103639" lon="121.242018"><ele>33.6</ele><time>2026-09-25T05:40:29+00:00</time></trkpt><trkpt lat="25.103445" lon="121.241847"><ele>33.6</ele><time>2026-09-25T05:40:33+00:00</time></trkpt><trkpt lat="25.103261" lon="121.241673"><ele>33.8</ele><time>2026-09-25T05:40:37+00:00</time></trkpt><trkpt lat="25.103075" lon="121.241507"><ele>33.8</ele><time>2026-09-25T05:40:41+00:00</time></trkpt><trkpt lat="25.102882" lon="121.241346"><ele>33.8</ele><time>2026-09-25T05:40:45+00:00</time></trkpt><trkpt lat="25.102684" lon="121.241185"><ele>34.0</ele><time>2026-09-25T05:40:49+00:00</time></trkpt><trkpt lat="25.102489" lon="121.241023"><ele>34.0</ele><time>2026-09-25T05:40:53+00:00</time></trkpt><trkpt lat="25.102305" lon="121.240862"><ele>34.0</ele><time>2026-09-25T05:40:57+00:00</time></trkpt><trkpt lat="25.102123" lon="121.240702"><ele>34.0</ele><time>2026-09-25T05:41:01+00:00</time></trkpt><trkpt lat="25.101937" lon="121.240553"><ele>33.8</ele><time>2026-09-25T05:41:05+00:00</time></trkpt><trkpt lat="25.101762" lon="121.240392"><ele>33.8</ele><time>2026-09-25T05:41:09+00:00</time></trkpt><trkpt lat="25.101588" lon="121.240229"><ele>33.8</ele><time>2026-09-25T05:41:13+00:00</time></trkpt><trkpt lat="25.101414" lon="121.240069"><ele>33.8</ele><time>2026-09-25T05:41:17+00:00</time></trkpt><trkpt lat="25.101240" lon="121.239905"><ele>34.0</ele><time>2026-09-25T05:41:21+00:00</time></trkpt><trkpt lat="25.101059" lon="121.239753"><ele>34.2</ele><time>2026-09-25T05:41:25+00:00</time></trkpt><trkpt lat="25.100901" lon="121.239613"><ele>34.4</ele><time>2026-09-25T05:41:29+00:00</time></trkpt><trkpt lat="25.100829" lon="121.239531"><ele>34.4</ele><time>2026-09-25T05:41:33+00:00</time></trkpt><trkpt lat="25.100581" lon="121.239371"><ele>34.8</ele><time>2026-09-25T05:43:36+00:00</time></trkpt><trkpt lat="25.100473" lon="121.239269"><ele>34.6</ele><time>2026-09-25T05:43:40+00:00</time></trkpt><trkpt lat="25.100359" lon="121.239183"><ele>34.6</ele><time>2026-09-25T05:43:44+00:00</time></trkpt><trkpt lat="25.100222" lon="121.239060"><ele>34.6</ele><time>2026-09-25T05:43:48+00:00</time></trkpt><trkpt lat="25.100048" lon="121.238919"><ele>34.8</ele><time>2026-09-25T05:43:52+00:00</time></trkpt><trkpt lat="25.099872" lon="121.238763"><ele>35.0</ele><time>2026-09-25T05:43:56+00:00</time></trkpt><trkpt lat="25.099684" lon="121.238599"><ele>35.2</ele><time>2026-09-25T05:44:00+00:00</time></trkpt><trkpt lat="25.099493" lon="121.238423"><ele>35.0</ele><time>2026-09-25T05:44:04+00:00</time></trkpt><trkpt lat="25.099296" lon="121.238246"><ele>35.2</ele><time>2026-09-25T05:44:08+00:00</time></trkpt><trkpt lat="25.099097" lon="121.238073"><ele>35.2</ele><time>2026-09-25T05:44:12+00:00</time></trkpt><trkpt lat="25.098901" lon="121.237896"><ele>35.2</ele><time>2026-09-25T05:44:16+00:00</time></trkpt><trkpt lat="25.098707" lon="121.237720"><ele>35.6</ele><time>2026-09-25T05:44:20+00:00</time></trkpt><trkpt lat="25.098505" lon="121.237545"><ele>35.8</ele><time>2026-09-25T05:44:24+00:00</time></trkpt><trkpt lat="25.098299" lon="121.237359"><ele>36.0</ele><time>2026-09-25T05:44:28+00:00</time></trkpt><trkpt lat="25.098091" lon="121.237175"><ele>36.0</ele><time>2026-09-25T05:44:32+00:00</time></trkpt><trkpt lat="25.097884" lon="121.236991"><ele>36.0</ele><time>2026-09-25T05:44:36+00:00</time></trkpt><trkpt lat="25.097670" lon="121.236818"><ele>36.0</ele><time>2026-09-25T05:44:40+00:00</time></trkpt><trkpt lat="25.097465" lon="121.236638"><ele>36.0</ele><time>2026-09-25T05:44:44+00:00</time></trkpt><trkpt lat="25.097261" lon="121.236445"><ele>36.0</ele><time>2026-09-25T05:44:48+00:00</time></trkpt><trkpt lat="25.097055" lon="121.236249"><ele>36.0</ele><time>2026-09-25T05:44:52+00:00</time></trkpt><trkpt lat="25.096850" lon="121.236063"><ele>36.0</ele><time>2026-09-25T05:44:56+00:00</time></trkpt><trkpt lat="25.096653" lon="121.235882"><ele>36.2</ele><time>2026-09-25T05:45:00+00:00</time></trkpt><trkpt lat="25.096459" lon="121.235714"><ele>36.8</ele><time>2026-09-25T05:45:04+00:00</time></trkpt><trkpt lat="25.096263" lon="121.235551"><ele>37.2</ele><time>2026-09-25T05:45:08+00:00</time></trkpt><trkpt lat="25.096075" lon="121.235379"><ele>37.6</ele><time>2026-09-25T05:45:12+00:00</time></trkpt><trkpt lat="25.095878" lon="121.235218"><ele>37.8</ele><time>2026-09-25T05:45:16+00:00</time></trkpt><trkpt lat="25.095684" lon="121.235055"><ele>37.8</ele><time>2026-09-25T05:45:20+00:00</time></trkpt><trkpt lat="25.095490" lon="121.234890"><ele>38.0</ele><time>2026-09-25T05:45:24+00:00</time></trkpt><trkpt lat="25.095296" lon="121.234728"><ele>38.2</ele><time>2026-09-25T05:45:28+00:00</time></trkpt><trkpt lat="25.095105" lon="121.234547"><ele>38.4</ele><time>2026-09-25T05:45:32+00:00</time></trkpt><trkpt lat="25.094920" lon="121.234355"><ele>38.4</ele><time>2026-09-25T05:45:36+00:00</time></trkpt><trkpt lat="25.094744" lon="121.234161"><ele>38.4</ele><time>2026-09-25T05:45:40+00:00</time></trkpt><trkpt lat="25.094570" lon="121.233973"><ele>38.4</ele><time>2026-09-25T05:45:44+00:00</time></trkpt><trkpt lat="25.094404" lon="121.233778"><ele>38.6</ele><time>2026-09-25T05:45:48+00:00</time></trkpt><trkpt lat="25.094263" lon="121.233571"><ele>38.8</ele><time>2026-09-25T05:45:52+00:00</time></trkpt><trkpt lat="25.094154" lon="121.233326"><ele>38.6</ele><time>2026-09-25T05:45:56+00:00</time></trkpt><trkpt lat="25.093955" lon="121.233122"><ele>38.2</ele><time>2026-09-25T05:46:00+00:00</time></trkpt><trkpt lat="25.093736" lon="121.232960"><ele>38.2</ele><time>2026-09-25T05:46:04+00:00</time></trkpt><trkpt lat="25.093545" lon="121.232781"><ele>38.4</ele><time>2026-09-25T05:46:08+00:00</time></trkpt><trkpt lat="25.093373" lon="121.232596"><ele>38.8</ele><time>2026-09-25T05:46:12+00:00</time></trkpt><trkpt lat="25.093198" lon="121.232406"><ele>38.8</ele><time>2026-09-25T05:46:16+00:00</time></trkpt><trkpt lat="25.093015" lon="121.232213"><ele>38.8</ele><time>2026-09-25T05:46:20+00:00</time></trkpt><trkpt lat="25.092834" lon="121.232023"><ele>38.8</ele><time>2026-09-25T05:46:24+00:00</time></trkpt><trkpt lat="25.092654" lon="121.231831"><ele>38.8</ele><time>2026-09-25T05:46:28+00:00</time></trkpt><trkpt lat="25.092470" lon="121.231638"><ele>39.0</ele><time>2026-09-25T05:46:32+00:00</time></trkpt><trkpt lat="25.092286" lon="121.231443"><ele>39.0</ele><time>2026-09-25T05:46:36+00:00</time></trkpt><trkpt lat="25.092100" lon="121.231246"><ele>39.0</ele><time>2026-09-25T05:46:40+00:00</time></trkpt><trkpt lat="25.091921" lon="121.231052"><ele>39.2</ele><time>2026-09-25T05:46:44+00:00</time></trkpt><trkpt lat="25.091776" lon="121.230893"><ele>39.4</ele><time>2026-09-25T05:46:48+00:00</time></trkpt><trkpt lat="25.091643" lon="121.230751"><ele>39.6</ele><time>2026-09-25T05:46:52+00:00</time></trkpt><trkpt lat="25.091512" lon="121.230604"><ele>39.6</ele><time>2026-09-25T05:46:56+00:00</time></trkpt><trkpt lat="25.091363" lon="121.230449"><ele>39.8</ele><time>2026-09-25T05:47:00+00:00</time></trkpt><trkpt lat="25.091194" lon="121.230277"><ele>39.8</ele><time>2026-09-25T05:47:04+00:00</time></trkpt><trkpt lat="25.091022" lon="121.230088"><ele>40.2</ele><time>2026-09-25T05:47:08+00:00</time></trkpt><trkpt lat="25.090835" lon="121.229894"><ele>40.6</ele><time>2026-09-25T05:47:12+00:00</time></trkpt><trkpt lat="25.090652" lon="121.229696"><ele>40.8</ele><time>2026-09-25T05:47:16+00:00</time></trkpt><trkpt lat="25.090462" lon="121.229501"><ele>40.8</ele><time>2026-09-25T05:47:20+00:00</time></trkpt><trkpt lat="25.090281" lon="121.229305"><ele>41.0</ele><time>2026-09-25T05:47:24+00:00</time></trkpt><trkpt lat="25.090101" lon="121.229104"><ele>41.0</ele><time>2026-09-25T05:47:28+00:00</time></trkpt><trkpt lat="25.089919" lon="121.228892"><ele>40.6</ele><time>2026-09-25T05:47:32+00:00</time></trkpt><trkpt lat="25.089731" lon="121.228678"><ele>40.4</ele><time>2026-09-25T05:47:36+00:00</time></trkpt><trkpt lat="25.089549" lon="121.228460"><ele>40.6</ele><time>2026-09-25T05:47:40+00:00</time></trkpt><trkpt lat="25.089375" lon="121.228232"><ele>40.8</ele><time>2026-09-25T05:47:44+00:00</time></trkpt><trkpt lat="25.089211" lon="121.228004"><ele>40.6</ele><time>2026-09-25T05:47:48+00:00</time></trkpt><trkpt lat="25.089061" lon="121.227783"><ele>40.8</ele><time>2026-09-25T05:47:52+00:00</time></trkpt><trkpt lat="25.088918" lon="121.227566"><ele>40.8</ele><time>2026-09-25T05:47:56+00:00</time></trkpt><trkpt lat="25.088774" lon="121.227353"><ele>41.0</ele><time>2026-09-25T05:48:00+00:00</time></trkpt><trkpt lat="25.088629" lon="121.227139"><ele>41.0</ele><time>2026-09-25T05:48:04+00:00</time></trkpt><trkpt lat="25.088482" lon="121.226917"><ele>41.0</ele><time>2026-09-25T05:48:08+00:00</time></trkpt><trkpt lat="25.088336" lon="121.226699"><ele>41.0</ele><time>2026-09-25T05:48:12+00:00</time></trkpt><trkpt lat="25.088189" lon="121.226481"><ele>41.0</ele><time>2026-09-25T05:48:16+00:00</time></trkpt><trkpt lat="25.088040" lon="121.226265"><ele>41.0</ele><time>2026-09-25T05:48:20+00:00</time></trkpt><trkpt lat="25.087893" lon="121.226050"><ele>41.0</ele><time>2026-09-25T05:48:24+00:00</time></trkpt><trkpt lat="25.087746" lon="121.225832"><ele>41.2</ele><time>2026-09-25T05:48:28+00:00</time></trkpt><trkpt lat="25.087598" lon="121.225614"><ele>41.2</ele><time>2026-09-25T05:48:32+00:00</time></trkpt><trkpt lat="25.087455" lon="121.225398"><ele>41.2</ele><time>2026-09-25T05:48:36+00:00</time></trkpt><trkpt lat="25.087306" lon="121.225181"><ele>41.6</ele><time>2026-09-25T05:48:40+00:00</time></trkpt><trkpt lat="25.087156" lon="121.224966"><ele>41.8</ele><time>2026-09-25T05:48:44+00:00</time></trkpt><trkpt lat="25.087010" lon="121.224745"><ele>41.8</ele><time>2026-09-25T05:48:48+00:00</time></trkpt><trkpt lat="25.086862" lon="121.224525"><ele>41.8</ele><time>2026-09-25T05:48:52+00:00</time></trkpt><trkpt lat="25.086710" lon="121.224307"><ele>42.0</ele><time>2026-09-25T05:48:56+00:00</time></trkpt><trkpt lat="25.086558" lon="121.224087"><ele>42.0</ele><time>2026-09-25T05:49:00+00:00</time></trkpt><trkpt lat="25.086406" lon="121.223870"><ele>42.0</ele><time>2026-09-25T05:49:04+00:00</time></trkpt><trkpt lat="25.086257" lon="121.223653"><ele>42.0</ele><time>2026-09-25T05:49:08+00:00</time></trkpt><trkpt lat="25.086110" lon="121.223428"><ele>42.0</ele><time>2026-09-25T05:49:12+00:00</time></trkpt><trkpt lat="25.085958" lon="121.223204"><ele>41.8</ele><time>2026-09-25T05:49:16+00:00</time></trkpt><trkpt lat="25.085808" lon="121.222982"><ele>41.6</ele><time>2026-09-25T05:49:20+00:00</time></trkpt><trkpt lat="25.085659" lon="121.222767"><ele>41.6</ele><time>2026-09-25T05:49:24+00:00</time></trkpt><trkpt lat="25.085515" lon="121.222551"><ele>41.8</ele><time>2026-09-25T05:49:28+00:00</time></trkpt><trkpt lat="25.085366" lon="121.222332"><ele>41.6</ele><time>2026-09-25T05:49:32+00:00</time></trkpt><trkpt lat="25.085214" lon="121.222108"><ele>41.4</ele><time>2026-09-25T05:49:36+00:00</time></trkpt><trkpt lat="25.085057" lon="121.221878"><ele>41.6</ele><time>2026-09-25T05:49:40+00:00</time></trkpt><trkpt lat="25.084901" lon="121.221643"><ele>41.6</ele><time>2026-09-25T05:49:44+00:00</time></trkpt><trkpt lat="25.084738" lon="121.221402"><ele>41.4</ele><time>2026-09-25T05:49:48+00:00</time></trkpt><trkpt lat="25.084578" lon="121.221156"><ele>41.2</ele><time>2026-09-25T05:49:52+00:00</time></trkpt><trkpt lat="25.084415" lon="121.220910"><ele>41.0</ele><time>2026-09-25T05:49:56+00:00</time></trkpt><trkpt lat="25.084243" lon="121.220660"><ele>41.0</ele><time>2026-09-25T05:50:00+00:00</time></trkpt><trkpt lat="25.084068" lon="121.220405"><ele>40.8</ele><time>2026-09-25T05:50:04+00:00</time></trkpt><trkpt lat="25.083892" lon="121.220146"><ele>40.6</ele><time>2026-09-25T05:50:08+00:00</time></trkpt><trkpt lat="25.083718" lon="121.219892"><ele>40.6</ele><time>2026-09-25T05:50:12+00:00</time></trkpt><trkpt lat="25.083548" lon="121.219633"><ele>40.8</ele><time>2026-09-25T05:50:16+00:00</time></trkpt><trkpt lat="25.083375" lon="121.219383"><ele>40.8</ele><time>2026-09-25T05:50:20+00:00</time></trkpt><trkpt lat="25.083211" lon="121.219141"><ele>41.0</ele><time>2026-09-25T05:50:24+00:00</time></trkpt><trkpt lat="25.083049" lon="121.218891"><ele>41.0</ele><time>2026-09-25T05:50:28+00:00</time></trkpt><trkpt lat="25.082879" lon="121.218633"><ele>40.8</ele><time>2026-09-25T05:50:32+00:00</time></trkpt><trkpt lat="25.082703" lon="121.218374"><ele>40.4</ele><time>2026-09-25T05:50:36+00:00</time></trkpt><trkpt lat="25.082523" lon="121.218109"><ele>40.0</ele><time>2026-09-25T05:50:40+00:00</time></trkpt><trkpt lat="25.082349" lon="121.217851"><ele>39.8</ele><time>2026-09-25T05:50:44+00:00</time></trkpt><trkpt lat="25.082183" lon="121.217607"><ele>39.6</ele><time>2026-09-25T05:50:48+00:00</time></trkpt><trkpt lat="25.082029" lon="121.217365"><ele>39.6</ele><time>2026-09-25T05:50:52+00:00</time></trkpt><trkpt lat="25.081875" lon="121.217128"><ele>39.4</ele><time>2026-09-25T05:50:56+00:00</time></trkpt><trkpt lat="25.081712" lon="121.216899"><ele>39.4</ele><time>2026-09-25T05:51:00+00:00</time></trkpt><trkpt lat="25.081554" lon="121.216667"><ele>39.6</ele><time>2026-09-25T05:51:04+00:00</time></trkpt><trkpt lat="25.081395" lon="121.216437"><ele>39.6</ele><time>2026-09-25T05:51:08+00:00</time></trkpt><trkpt lat="25.081243" lon="121.216221"><ele>39.8</ele><time>2026-09-25T05:51:12+00:00</time></trkpt><trkpt lat="25.081098" lon="121.216003"><ele>39.8</ele><time>2026-09-25T05:51:16+00:00</time></trkpt><trkpt lat="25.080952" lon="121.215796"><ele>39.6</ele><time>2026-09-25T05:51:20+00:00</time></trkpt><trkpt lat="25.080818" lon="121.215602"><ele>39.4</ele><time>2026-09-25T05:51:24+00:00</time></trkpt><trkpt lat="25.080693" lon="121.215418"><ele>39.4</ele><time>2026-09-25T05:51:28+00:00</time></trkpt><trkpt lat="25.080577" lon="121.215229"><ele>39.4</ele><time>2026-09-25T05:51:32+00:00</time></trkpt><trkpt lat="25.080471" lon="121.215046"><ele>39.4</ele><time>2026-09-25T05:51:36+00:00</time></trkpt><trkpt lat="25.080368" lon="121.214864"><ele>39.4</ele><time>2026-09-25T05:51:40+00:00</time></trkpt><trkpt lat="25.080275" lon="121.214667"><ele>39.4</ele><time>2026-09-25T05:51:44+00:00</time></trkpt><trkpt lat="25.080194" lon="121.214444"><ele>39.6</ele><time>2026-09-25T05:51:48+00:00</time></trkpt><trkpt lat="25.080112" lon="121.214190"><ele>39.8</ele><time>2026-09-25T05:51:52+00:00</time></trkpt><trkpt lat="25.080046" lon="121.213920"><ele>40.0</ele><time>2026-09-25T05:51:56+00:00</time></trkpt><trkpt lat="25.079992" lon="121.213643"><ele>40.2</ele><time>2026-09-25T05:52:00+00:00</time></trkpt><trkpt lat="25.079959" lon="121.213356"><ele>40.4</ele><time>2026-09-25T05:52:04+00:00</time></trkpt><trkpt lat="25.079935" lon="121.213072"><ele>40.4</ele><time>2026-09-25T05:52:08+00:00</time></trkpt><trkpt lat="25.079920" lon="121.212788"><ele>40.6</ele><time>2026-09-25T05:52:12+00:00</time></trkpt><trkpt lat="25.079907" lon="121.212497"><ele>40.6</ele><time>2026-09-25T05:52:16+00:00</time></trkpt><trkpt lat="25.079895" lon="121.212199"><ele>40.4</ele><time>2026-09-25T05:52:20+00:00</time></trkpt><trkpt lat="25.079877" lon="121.211893"><ele>40.4</ele><time>2026-09-25T05:52:24+00:00</time></trkpt><trkpt lat="25.079867" lon="121.211598"><ele>40.4</ele><time>2026-09-25T05:52:28+00:00</time></trkpt><trkpt lat="25.079859" lon="121.211329"><ele>40.0</ele><time>2026-09-25T05:52:32+00:00</time></trkpt><trkpt lat="25.079841" lon="121.211087"><ele>39.8</ele><time>2026-09-25T05:52:36+00:00</time></trkpt><trkpt lat="25.079827" lon="121.210869"><ele>40.0</ele><time>2026-09-25T05:52:40+00:00</time></trkpt><trkpt lat="25.079799" lon="121.210649"><ele>40.0</ele><time>2026-09-25T05:52:44+00:00</time></trkpt><trkpt lat="25.079754" lon="121.210430"><ele>40.2</ele><time>2026-09-25T05:52:48+00:00</time></trkpt><trkpt lat="25.079714" lon="121.210206"><ele>40.6</ele><time>2026-09-25T05:52:52+00:00</time></trkpt><trkpt lat="25.079656" lon="121.209976"><ele>41.0</ele><time>2026-09-25T05:52:56+00:00</time></trkpt><trkpt lat="25.079577" lon="121.209738"><ele>41.2</ele><time>2026-09-25T05:53:00+00:00</time></trkpt><trkpt lat="25.079482" lon="121.209500"><ele>41.4</ele><time>2026-09-25T05:53:04+00:00</time></trkpt><trkpt lat="25.079382" lon="121.209276"><ele>41.4</ele><time>2026-09-25T05:53:08+00:00</time></trkpt><trkpt lat="25.079267" lon="121.209058"><ele>41.0</ele><time>2026-09-25T05:53:12+00:00</time></trkpt><trkpt lat="25.079139" lon="121.208845"><ele>40.8</ele><time>2026-09-25T05:53:16+00:00</time></trkpt><trkpt lat="25.079002" lon="121.208628"><ele>40.4</ele><time>2026-09-25T05:53:20+00:00</time></trkpt><trkpt lat="25.078852" lon="121.208404"><ele>39.8</ele><time>2026-09-25T05:53:24+00:00</time></trkpt><trkpt lat="25.078702" lon="121.208183"><ele>39.6</ele><time>2026-09-25T05:53:28+00:00</time></trkpt><trkpt lat="25.078551" lon="121.207965"><ele>39.2</ele><time>2026-09-25T05:53:32+00:00</time></trkpt><trkpt lat="25.078405" lon="121.207746"><ele>39.2</ele><time>2026-09-25T05:53:36+00:00</time></trkpt><trkpt lat="25.078259" lon="121.207521"><ele>39.2</ele><time>2026-09-25T05:53:40+00:00</time></trkpt><trkpt lat="25.078109" lon="121.207293"><ele>39.2</ele><time>2026-09-25T05:53:44+00:00</time></trkpt><trkpt lat="25.077958" lon="121.207066"><ele>39.2</ele><time>2026-09-25T05:53:48+00:00</time></trkpt><trkpt lat="25.077800" lon="121.206835"><ele>39.0</ele><time>2026-09-25T05:53:52+00:00</time></trkpt><trkpt lat="25.077648" lon="121.206597"><ele>39.2</ele><time>2026-09-25T05:53:56+00:00</time></trkpt><trkpt lat="25.077491" lon="121.206358"><ele>39.2</ele><time>2026-09-25T05:54:00+00:00</time></trkpt><trkpt lat="25.077336" lon="121.206117"><ele>39.2</ele><time>2026-09-25T05:54:04+00:00</time></trkpt><trkpt lat="25.077185" lon="121.205875"><ele>39.0</ele><time>2026-09-25T05:54:08+00:00</time></trkpt><trkpt lat="25.077032" lon="121.205638"><ele>39.2</ele><time>2026-09-25T05:54:12+00:00</time></trkpt><trkpt lat="25.076876" lon="121.205404"><ele>39.2</ele><time>2026-09-25T05:54:16+00:00</time></trkpt><trkpt lat="25.076719" lon="121.205170"><ele>39.2</ele><time>2026-09-25T05:54:20+00:00</time></trkpt><trkpt lat="25.076565" lon="121.204937"><ele>39.4</ele><time>2026-09-25T05:54:24+00:00</time></trkpt><trkpt lat="25.076441" lon="121.204721"><ele>39.6</ele><time>2026-09-25T05:54:28+00:00</time></trkpt><trkpt lat="25.076381" lon="121.204602"><ele>40.0</ele><time>2026-09-25T05:54:32+00:00</time></trkpt><trkpt lat="25.076274" lon="121.204417"><ele>40.4</ele><time>2026-09-25T05:56:18+00:00</time></trkpt><trkpt lat="25.076163" lon="121.204235"><ele>40.2</ele><time>2026-09-25T05:56:22+00:00</time></trkpt><trkpt lat="25.076048" lon="121.204036"><ele>40.2</ele><time>2026-09-25T05:56:26+00:00</time></trkpt><trkpt lat="25.075923" lon="121.203837"><ele>40.4</ele><time>2026-09-25T05:56:30+00:00</time></trkpt><trkpt lat="25.075792" lon="121.203639"><ele>40.6</ele><time>2026-09-25T05:56:34+00:00</time></trkpt><trkpt lat="25.075665" lon="121.203437"><ele>40.8</ele><time>2026-09-25T05:56:38+00:00</time></trkpt><trkpt lat="25.075525" lon="121.203231"><ele>40.8</ele><time>2026-09-25T05:56:42+00:00</time></trkpt><trkpt lat="25.075383" lon="121.203018"><ele>40.6</ele><time>2026-09-25T05:56:46+00:00</time></trkpt><trkpt lat="25.075236" lon="121.202799"><ele>40.6</ele><time>2026-09-25T05:56:50+00:00</time></trkpt><trkpt lat="25.075090" lon="121.202569"><ele>40.6</ele><time>2026-09-25T05:56:54+00:00</time></trkpt><trkpt lat="25.074940" lon="121.202334"><ele>40.8</ele><time>2026-09-25T05:56:58+00:00</time></trkpt><trkpt lat="25.074783" lon="121.202093"><ele>40.6</ele><time>2026-09-25T05:57:02+00:00</time></trkpt><trkpt lat="25.074624" lon="121.201849"><ele>40.6</ele><time>2026-09-25T05:57:06+00:00</time></trkpt><trkpt lat="25.074459" lon="121.201613"><ele>40.8</ele><time>2026-09-25T05:57:10+00:00</time></trkpt><trkpt lat="25.074307" lon="121.201378"><ele>41.0</ele><time>2026-09-25T05:57:14+00:00</time></trkpt><trkpt lat="25.074168" lon="121.201151"><ele>41.0</ele><time>2026-09-25T05:57:18+00:00</time></trkpt><trkpt lat="25.074029" lon="121.200931"><ele>40.8</ele><time>2026-09-25T05:57:22+00:00</time></trkpt><trkpt lat="25.073894" lon="121.200729"><ele>40.8</ele><time>2026-09-25T05:57:26+00:00</time></trkpt><trkpt lat="25.073797" lon="121.200578"><ele>40.8</ele><time>2026-09-25T05:57:30+00:00</time></trkpt><trkpt lat="25.073697" lon="121.200426"><ele>40.8</ele><time>2026-09-25T05:57:34+00:00</time></trkpt><trkpt lat="25.073579" lon="121.200241"><ele>40.8</ele><time>2026-09-25T05:57:38+00:00</time></trkpt><trkpt lat="25.073446" lon="121.200035"><ele>41.0</ele><time>2026-09-25T05:57:42+00:00</time></trkpt><trkpt lat="25.073299" lon="121.199814"><ele>41.2</ele><time>2026-09-25T05:57:46+00:00</time></trkpt><trkpt lat="25.073147" lon="121.199588"><ele>41.2</ele><time>2026-09-25T05:57:50+00:00</time></trkpt><trkpt lat="25.072995" lon="121.199358"><ele>41.4</ele><time>2026-09-25T05:57:54+00:00</time></trkpt><trkpt lat="25.072845" lon="121.199134"><ele>41.6</ele><time>2026-09-25T05:57:58+00:00</time></trkpt><trkpt lat="25.072694" lon="121.198917"><ele>41.8</ele><time>2026-09-25T05:58:02+00:00</time></trkpt><trkpt lat="25.072536" lon="121.198703"><ele>42.2</ele><time>2026-09-25T05:58:06+00:00</time></trkpt><trkpt lat="25.072383" lon="121.198502"><ele>42.4</ele><time>2026-09-25T05:58:10+00:00</time></trkpt><trkpt lat="25.072221" lon="121.198310"><ele>42.2</ele><time>2026-09-25T05:58:14+00:00</time></trkpt><trkpt lat="25.072048" lon="121.198121"><ele>41.8</ele><time>2026-09-25T05:58:18+00:00</time></trkpt><trkpt lat="25.071868" lon="121.197923"><ele>41.4</ele><time>2026-09-25T05:58:22+00:00</time></trkpt><trkpt lat="25.071697" lon="121.197733"><ele>41.0</ele><time>2026-09-25T05:58:26+00:00</time></trkpt><trkpt lat="25.071549" lon="121.197561"><ele>41.0</ele><time>2026-09-25T05:58:30+00:00</time></trkpt><trkpt lat="25.071429" lon="121.197428"><ele>41.0</ele><time>2026-09-25T05:58:34+00:00</time></trkpt><trkpt lat="25.071308" lon="121.197299"><ele>41.0</ele><time>2026-09-25T05:58:38+00:00</time></trkpt><trkpt lat="25.071170" lon="121.197155"><ele>41.2</ele><time>2026-09-25T05:58:42+00:00</time></trkpt><trkpt lat="25.071024" lon="121.197027"><ele>41.2</ele><time>2026-09-25T05:58:46+00:00</time></trkpt><trkpt lat="25.070858" lon="121.196892"><ele>41.4</ele><time>2026-09-25T05:58:50+00:00</time></trkpt><trkpt lat="25.070696" lon="121.196712"><ele>41.6</ele><time>2026-09-25T05:58:54+00:00</time></trkpt><trkpt lat="25.070529" lon="121.196520"><ele>41.8</ele><time>2026-09-25T05:58:58+00:00</time></trkpt><trkpt lat="25.070357" lon="121.196325"><ele>42.0</ele><time>2026-09-25T05:59:02+00:00</time></trkpt><trkpt lat="25.070184" lon="121.196128"><ele>42.2</ele><time>2026-09-25T05:59:06+00:00</time></trkpt><trkpt lat="25.070011" lon="121.195932"><ele>42.6</ele><time>2026-09-25T05:59:10+00:00</time></trkpt><trkpt lat="25.069835" lon="121.195728"><ele>42.8</ele><time>2026-09-25T05:59:14+00:00</time></trkpt><trkpt lat="25.069669" lon="121.195517"><ele>42.8</ele><time>2026-09-25T05:59:18+00:00</time></trkpt><trkpt lat="25.069524" lon="121.195289"><ele>42.8</ele><time>2026-09-25T05:59:22+00:00</time></trkpt><trkpt lat="25.069388" lon="121.195047"><ele>42.8</ele><time>2026-09-25T05:59:26+00:00</time></trkpt><trkpt lat="25.069268" lon="121.194789"><ele>42.8</ele><time>2026-09-25T05:59:30+00:00</time></trkpt><trkpt lat="25.069163" lon="121.194516"><ele>42.8</ele><time>2026-09-25T05:59:34+00:00</time></trkpt><trkpt lat="25.069083" lon="121.194229"><ele>43.2</ele><time>2026-09-25T05:59:38+00:00</time></trkpt><trkpt lat="25.069009" lon="121.193954"><ele>44.0</ele><time>2026-09-25T05:59:42+00:00</time></trkpt><trkpt lat="25.068941" lon="121.193687"><ele>44.8</ele><time>2026-09-25T05:59:46+00:00</time></trkpt><trkpt lat="25.068875" lon="121.193420"><ele>45.4</ele><time>2026-09-25T05:59:50+00:00</time></trkpt><trkpt lat="25.068816" lon="121.193159"><ele>45.4</ele><time>2026-09-25T05:59:54+00:00</time></trkpt><trkpt lat="25.068748" lon="121.192907"><ele>45.6</ele><time>2026-09-25T05:59:58+00:00</time></trkpt><trkpt lat="25.068683" lon="121.192651"><ele>45.6</ele><time>2026-09-25T06:00:02+00:00</time></trkpt><trkpt lat="25.068620" lon="121.192385"><ele>45.2</ele><time>2026-09-25T06:00:06+00:00</time></trkpt><trkpt lat="25.068556" lon="121.192104"><ele>44.8</ele><time>2026-09-25T06:00:10+00:00</time></trkpt><trkpt lat="25.068489" lon="121.191829"><ele>44.6</ele><time>2026-09-25T06:00:14+00:00</time></trkpt><trkpt lat="25.068422" lon="121.191564"><ele>44.2</ele><time>2026-09-25T06:00:18+00:00</time></trkpt><trkpt lat="25.068359" lon="121.191295"><ele>44.0</ele><time>2026-09-25T06:00:22+00:00</time></trkpt><trkpt lat="25.068297" lon="121.191021"><ele>43.8</ele><time>2026-09-25T06:00:26+00:00</time></trkpt><trkpt lat="25.068232" lon="121.190747"><ele>43.4</ele><time>2026-09-25T06:00:30+00:00</time></trkpt><trkpt lat="25.068168" lon="121.190478"><ele>43.0</ele><time>2026-09-25T06:00:34+00:00</time></trkpt><trkpt lat="25.068108" lon="121.190223"><ele>42.8</ele><time>2026-09-25T06:00:38+00:00</time></trkpt><trkpt lat="25.068076" lon="121.190081"><ele>42.6</ele><time>2026-09-25T06:00:42+00:00</time></trkpt><trkpt lat="25.068061" lon="121.190010"><ele>42.4</ele><time>2026-09-25T06:00:46+00:00</time></trkpt><trkpt lat="25.068016" lon="121.189851"><ele>42.2</ele><time>2026-09-25T06:00:50+00:00</time></trkpt><trkpt lat="25.067962" lon="121.189633"><ele>42.2</ele><time>2026-09-25T06:00:54+00:00</time></trkpt><trkpt lat="25.067905" lon="121.189409"><ele>42.0</ele><time>2026-09-25T06:00:58+00:00</time></trkpt><trkpt lat="25.067846" lon="121.189210"><ele>41.8</ele><time>2026-09-25T06:01:02+00:00</time></trkpt><trkpt lat="25.067788" lon="121.189001"><ele>41.6</ele><time>2026-09-25T06:01:06+00:00</time></trkpt><trkpt lat="25.067721" lon="121.188758"><ele>41.4</ele><time>2026-09-25T06:01:10+00:00</time></trkpt><trkpt lat="25.067633" lon="121.188491"><ele>41.2</ele><time>2026-09-25T06:01:14+00:00</time></trkpt><trkpt lat="25.067542" lon="121.188220"><ele>41.2</ele><time>2026-09-25T06:01:18+00:00</time></trkpt><trkpt lat="25.067442" lon="121.187945"><ele>41.0</ele><time>2026-09-25T06:01:22+00:00</time></trkpt><trkpt lat="25.067337" lon="121.187669"><ele>41.0</ele><time>2026-09-25T06:01:26+00:00</time></trkpt><trkpt lat="25.067231" lon="121.187398"><ele>40.8</ele><time>2026-09-25T06:01:30+00:00</time></trkpt><trkpt lat="25.067116" lon="121.187137"><ele>41.0</ele><time>2026-09-25T06:01:34+00:00</time></trkpt><trkpt lat="25.066999" lon="121.186883"><ele>41.2</ele><time>2026-09-25T06:01:38+00:00</time></trkpt><trkpt lat="25.066882" lon="121.186620"><ele>41.4</ele><time>2026-09-25T06:01:42+00:00</time></trkpt><trkpt lat="25.066764" lon="121.186347"><ele>41.4</ele><time>2026-09-25T06:01:46+00:00</time></trkpt><trkpt lat="25.066643" lon="121.186078"><ele>41.8</ele><time>2026-09-25T06:01:50+00:00</time></trkpt><trkpt lat="25.066519" lon="121.185815"><ele>42.0</ele><time>2026-09-25T06:01:54+00:00</time></trkpt><trkpt lat="25.066398" lon="121.185549"><ele>42.2</ele><time>2026-09-25T06:01:58+00:00</time></trkpt><trkpt lat="25.066285" lon="121.185294"><ele>42.2</ele><time>2026-09-25T06:02:02+00:00</time></trkpt><trkpt lat="25.066181" lon="121.185054"><ele>42.6</ele><time>2026-09-25T06:02:06+00:00</time></trkpt><trkpt lat="25.066097" lon="121.184857"><ele>42.8</ele><time>2026-09-25T06:02:10+00:00</time></trkpt><trkpt lat="25.066030" lon="121.184693"><ele>43.0</ele><time>2026-09-25T06:02:14+00:00</time></trkpt><trkpt lat="25.065938" lon="121.184503"><ele>43.0</ele><time>2026-09-25T06:02:18+00:00</time></trkpt><trkpt lat="25.065840" lon="121.184288"><ele>43.2</ele><time>2026-09-25T06:02:22+00:00</time></trkpt><trkpt lat="25.065736" lon="121.184058"><ele>43.2</ele><time>2026-09-25T06:02:26+00:00</time></trkpt><trkpt lat="25.065628" lon="121.183821"><ele>43.6</ele><time>2026-09-25T06:02:30+00:00</time></trkpt><trkpt lat="25.065526" lon="121.183582"><ele>44.0</ele><time>2026-09-25T06:02:34+00:00</time></trkpt><trkpt lat="25.065424" lon="121.183341"><ele>44.2</ele><time>2026-09-25T06:02:38+00:00</time></trkpt><trkpt lat="25.065312" lon="121.183094"><ele>44.2</ele><time>2026-09-25T06:02:42+00:00</time></trkpt><trkpt lat="25.065205" lon="121.182841"><ele>44.0</ele><time>2026-09-25T06:02:46+00:00</time></trkpt><trkpt lat="25.065111" lon="121.182600"><ele>43.6</ele><time>2026-09-25T06:02:50+00:00</time></trkpt><trkpt lat="25.065042" lon="121.182439"><ele>43.0</ele><time>2026-09-25T06:02:54+00:00</time></trkpt><trkpt lat="25.064990" lon="121.182318"><ele>42.6</ele><time>2026-09-25T06:02:58+00:00</time></trkpt><trkpt lat="25.064925" lon="121.182149"><ele>42.4</ele><time>2026-09-25T06:03:02+00:00</time></trkpt><trkpt lat="25.064837" lon="121.181934"><ele>42.2</ele><time>2026-09-25T06:03:06+00:00</time></trkpt><trkpt lat="25.064743" lon="121.181717"><ele>42.2</ele><time>2026-09-25T06:03:10+00:00</time></trkpt><trkpt lat="25.064650" lon="121.181502"><ele>42.0</ele><time>2026-09-25T06:03:14+00:00</time></trkpt><trkpt lat="25.064567" lon="121.181289"><ele>41.8</ele><time>2026-09-25T06:03:18+00:00</time></trkpt><trkpt lat="25.064476" lon="121.181070"><ele>41.6</ele><time>2026-09-25T06:03:22+00:00</time></trkpt><trkpt lat="25.064364" lon="121.180841"><ele>41.6</ele><time>2026-09-25T06:03:26+00:00</time></trkpt><trkpt lat="25.064265" lon="121.180591"><ele>41.6</ele><time>2026-09-25T06:03:30+00:00</time></trkpt><trkpt lat="25.064161" lon="121.180334"><ele>41.4</ele><time>2026-09-25T06:03:34+00:00</time></trkpt><trkpt lat="25.064051" lon="121.180068"><ele>41.4</ele><time>2026-09-25T06:03:38+00:00</time></trkpt><trkpt lat="25.063935" lon="121.179794"><ele>41.2</ele><time>2026-09-25T06:03:42+00:00</time></trkpt><trkpt lat="25.063817" lon="121.179511"><ele>41.2</ele><time>2026-09-25T06:03:46+00:00</time></trkpt><trkpt lat="25.063702" lon="121.179233"><ele>41.4</ele><time>2026-09-25T06:03:50+00:00</time></trkpt><trkpt lat="25.063589" lon="121.178963"><ele>41.6</ele><time>2026-09-25T06:03:54+00:00</time></trkpt><trkpt lat="25.063474" lon="121.178692"><ele>42.2</ele><time>2026-09-25T06:03:58+00:00</time></trkpt><trkpt lat="25.063362" lon="121.178423"><ele>42.6</ele><time>2026-09-25T06:04:02+00:00</time></trkpt><trkpt lat="25.063244" lon="121.178159"><ele>43.0</ele><time>2026-09-25T06:04:06+00:00</time></trkpt><trkpt lat="25.063136" lon="121.177902"><ele>43.0</ele><time>2026-09-25T06:04:10+00:00</time></trkpt><trkpt lat="25.063048" lon="121.177693"><ele>43.0</ele><time>2026-09-25T06:04:14+00:00</time></trkpt><trkpt lat="25.062988" lon="121.177560"><ele>43.0</ele><time>2026-09-25T06:04:18+00:00</time></trkpt><trkpt lat="25.062821" lon="121.177315"><ele>43.4</ele><time>2026-09-25T06:08:40+00:00</time></trkpt><trkpt lat="25.062796" lon="121.177098"><ele>43.4</ele><time>2026-09-25T06:08:44+00:00</time></trkpt><trkpt lat="25.062687" lon="121.176864"><ele>43.6</ele><time>2026-09-25T06:08:48+00:00</time></trkpt><trkpt lat="25.062574" lon="121.176639"><ele>44.4</ele><time>2026-09-25T06:08:52+00:00</time></trkpt><trkpt lat="25.062493" lon="121.176411"><ele>45.0</ele><time>2026-09-25T06:08:56+00:00</time></trkpt><trkpt lat="25.062412" lon="121.176191"><ele>45.4</ele><time>2026-09-25T06:09:00+00:00</time></trkpt><trkpt lat="25.062330" lon="121.175993"><ele>45.8</ele><time>2026-09-25T06:09:04+00:00</time></trkpt><trkpt lat="25.062280" lon="121.175874"><ele>46.2</ele><time>2026-09-25T06:09:08+00:00</time></trkpt><trkpt lat="25.062222" lon="121.175764"><ele>46.6</ele><time>2026-09-25T06:09:12+00:00</time></trkpt><trkpt lat="25.062159" lon="121.175613"><ele>46.8</ele><time>2026-09-25T06:09:16+00:00</time></trkpt><trkpt lat="25.062097" lon="121.175455"><ele>47.2</ele><time>2026-09-25T06:09:20+00:00</time></trkpt><trkpt lat="25.062047" lon="121.175303"><ele>47.4</ele><time>2026-09-25T06:09:24+00:00</time></trkpt><trkpt lat="25.061977" lon="121.175132"><ele>47.6</ele><time>2026-09-25T06:09:28+00:00</time></trkpt><trkpt lat="25.061894" lon="121.174933"><ele>47.6</ele><time>2026-09-25T06:09:32+00:00</time></trkpt><trkpt lat="25.061803" lon="121.174723"><ele>47.8</ele><time>2026-09-25T06:09:36+00:00</time></trkpt><trkpt lat="25.061708" lon="121.174500"><ele>48.0</ele><time>2026-09-25T06:09:40+00:00</time></trkpt><trkpt lat="25.061608" lon="121.174273"><ele>48.2</ele><time>2026-09-25T06:09:44+00:00</time></trkpt><trkpt lat="25.061512" lon="121.174045"><ele>48.4</ele><time>2026-09-25T06:09:48+00:00</time></trkpt><trkpt lat="25.061420" lon="121.173817"><ele>48.4</ele><time>2026-09-25T06:09:52+00:00</time></trkpt><trkpt lat="25.061320" lon="121.173590"><ele>48.6</ele><time>2026-09-25T06:09:56+00:00</time></trkpt><trkpt lat="25.061221" lon="121.173357"><ele>48.8</ele><time>2026-09-25T06:10:00+00:00</time></trkpt><trkpt lat="25.061121" lon="121.173124"><ele>49.2</ele><time>2026-09-25T06:10:04+00:00</time></trkpt><trkpt lat="25.061017" lon="121.172883"><ele>49.4</ele><time>2026-09-25T06:10:08+00:00</time></trkpt><trkpt lat="25.060919" lon="121.172643"><ele>49.4</ele><time>2026-09-25T06:10:12+00:00</time></trkpt><trkpt lat="25.060817" lon="121.172405"><ele>49.4</ele><time>2026-09-25T06:10:16+00:00</time></trkpt><trkpt lat="25.060713" lon="121.172163"><ele>49.4</ele><time>2026-09-25T06:10:20+00:00</time></trkpt><trkpt lat="25.060613" lon="121.171918"><ele>49.6</ele><time>2026-09-25T06:10:24+00:00</time></trkpt><trkpt lat="25.060505" lon="121.171673"><ele>49.6</ele><time>2026-09-25T06:10:28+00:00</time></trkpt><trkpt lat="25.060396" lon="121.171420"><ele>49.4</ele><time>2026-09-25T06:10:32+00:00</time></trkpt><trkpt lat="25.060279" lon="121.171151"><ele>49.2</ele><time>2026-09-25T06:10:36+00:00</time></trkpt><trkpt lat="25.060165" lon="121.170867"><ele>48.8</ele><time>2026-09-25T06:10:40+00:00</time></trkpt><trkpt lat="25.060041" lon="121.170581"><ele>48.6</ele><time>2026-09-25T06:10:44+00:00</time></trkpt><trkpt lat="25.059920" lon="121.170307"><ele>48.6</ele><time>2026-09-25T06:10:48+00:00</time></trkpt><trkpt lat="25.059802" lon="121.170021"><ele>48.8</ele><time>2026-09-25T06:10:52+00:00</time></trkpt><trkpt lat="25.059681" lon="121.169727"><ele>49.0</ele><time>2026-09-25T06:10:56+00:00</time></trkpt><trkpt lat="25.059562" lon="121.169442"><ele>49.2</ele><time>2026-09-25T06:11:00+00:00</time></trkpt><trkpt lat="25.059442" lon="121.169166"><ele>49.4</ele><time>2026-09-25T06:11:04+00:00</time></trkpt><trkpt lat="25.059328" lon="121.168896"><ele>49.6</ele><time>2026-09-25T06:11:08+00:00</time></trkpt><trkpt lat="25.059217" lon="121.168631"><ele>50.0</ele><time>2026-09-25T06:11:12+00:00</time></trkpt><trkpt lat="25.059117" lon="121.168388"><ele>50.2</ele><time>2026-09-25T06:11:16+00:00</time></trkpt><trkpt lat="25.059040" lon="121.168192"><ele>50.8</ele><time>2026-09-25T06:11:20+00:00</time></trkpt><trkpt lat="25.058997" lon="121.168075"><ele>51.2</ele><time>2026-09-25T06:11:24+00:00</time></trkpt><trkpt lat="25.058976" lon="121.167982"><ele>51.4</ele><time>2026-09-25T06:11:28+00:00</time></trkpt><trkpt lat="25.058932" lon="121.167894"><ele>51.8</ele><time>2026-09-25T06:11:32+00:00</time></trkpt><trkpt lat="25.058865" lon="121.167777"><ele>52.0</ele><time>2026-09-25T06:11:36+00:00</time></trkpt><trkpt lat="25.058782" lon="121.167608"><ele>52.4</ele><time>2026-09-25T06:11:41+00:00</time></trkpt><trkpt lat="25.058698" lon="121.167401"><ele>52.8</ele><time>2026-09-25T06:11:45+00:00</time></trkpt><trkpt lat="25.058613" lon="121.167184"><ele>52.6</ele><time>2026-09-25T06:11:49+00:00</time></trkpt><trkpt lat="25.058518" lon="121.166963"><ele>52.6</ele><time>2026-09-25T06:11:53+00:00</time></trkpt><trkpt lat="25.058432" lon="121.166736"><ele>53.0</ele><time>2026-09-25T06:11:57+00:00</time></trkpt><trkpt lat="25.058338" lon="121.166513"><ele>53.4</ele><time>2026-09-25T06:12:01+00:00</time></trkpt><trkpt lat="25.058246" lon="121.166300"><ele>54.0</ele><time>2026-09-25T06:12:05+00:00</time></trkpt><trkpt lat="25.058159" lon="121.166096"><ele>54.8</ele><time>2026-09-25T06:12:09+00:00</time></trkpt><trkpt lat="25.058072" lon="121.165886"><ele>55.6</ele><time>2026-09-25T06:12:13+00:00</time></trkpt><trkpt lat="25.057983" lon="121.165673"><ele>56.4</ele><time>2026-09-25T06:12:17+00:00</time></trkpt><trkpt lat="25.057889" lon="121.165467"><ele>57.2</ele><time>2026-09-25T06:12:21+00:00</time></trkpt><trkpt lat="25.057794" lon="121.165249"><ele>58.0</ele><time>2026-09-25T06:12:25+00:00</time></trkpt><trkpt lat="25.057700" lon="121.165021"><ele>58.6</ele><time>2026-09-25T06:12:29+00:00</time></trkpt><trkpt lat="25.057597" lon="121.164792"><ele>59.2</ele><time>2026-09-25T06:12:33+00:00</time></trkpt><trkpt lat="25.057503" lon="121.164554"><ele>59.6</ele><time>2026-09-25T06:12:37+00:00</time></trkpt><trkpt lat="25.057406" lon="121.164316"><ele>59.4</ele><time>2026-09-25T06:12:41+00:00</time></trkpt><trkpt lat="25.057304" lon="121.164079"><ele>59.8</ele><time>2026-09-25T06:12:45+00:00</time></trkpt><trkpt lat="25.057199" lon="121.163837"><ele>60.4</ele><time>2026-09-25T06:12:49+00:00</time></trkpt><trkpt lat="25.057097" lon="121.163593"><ele>60.8</ele><time>2026-09-25T06:12:53+00:00</time></trkpt><trkpt lat="25.056994" lon="121.163354"><ele>61.2</ele><time>2026-09-25T06:12:57+00:00</time></trkpt><trkpt lat="25.056902" lon="121.163132"><ele>61.8</ele><time>2026-09-25T06:13:01+00:00</time></trkpt><trkpt lat="25.056812" lon="121.162926"><ele>62.4</ele><time>2026-09-25T06:13:05+00:00</time></trkpt><trkpt lat="25.056726" lon="121.162729"><ele>63.2</ele><time>2026-09-25T06:13:09+00:00</time></trkpt><trkpt lat="25.056644" lon="121.162528"><ele>63.4</ele><time>2026-09-25T06:13:13+00:00</time></trkpt><trkpt lat="25.056562" lon="121.162325"><ele>64.0</ele><time>2026-09-25T06:13:17+00:00</time></trkpt><trkpt lat="25.056473" lon="121.162115"><ele>64.6</ele><time>2026-09-25T06:13:21+00:00</time></trkpt><trkpt lat="25.056377" lon="121.161902"><ele>65.2</ele><time>2026-09-25T06:13:25+00:00</time></trkpt><trkpt lat="25.056292" lon="121.161688"><ele>66.0</ele><time>2026-09-25T06:13:29+00:00</time></trkpt><trkpt lat="25.056203" lon="121.161477"><ele>66.4</ele><time>2026-09-25T06:13:33+00:00</time></trkpt><trkpt lat="25.056121" lon="121.161275"><ele>66.8</ele><time>2026-09-25T06:13:37+00:00</time></trkpt><trkpt lat="25.056040" lon="121.161084"><ele>66.6</ele><time>2026-09-25T06:13:41+00:00</time></trkpt><trkpt lat="25.055964" lon="121.160903"><ele>66.6</ele><time>2026-09-25T06:13:45+00:00</time></trkpt><trkpt lat="25.055899" lon="121.160740"><ele>66.6</ele><time>2026-09-25T06:13:49+00:00</time></trkpt><trkpt lat="25.055839" lon="121.160593"><ele>66.6</ele><time>2026-09-25T06:13:53+00:00</time></trkpt><trkpt lat="25.055793" lon="121.160477"><ele>66.6</ele><time>2026-09-25T06:13:57+00:00</time></trkpt><trkpt lat="25.055739" lon="121.160356"><ele>66.6</ele><time>2026-09-25T06:14:01+00:00</time></trkpt><trkpt lat="25.055658" lon="121.160187"><ele>66.6</ele><time>2026-09-25T06:14:05+00:00</time></trkpt><trkpt lat="25.055571" lon="121.159995"><ele>66.6</ele><time>2026-09-25T06:14:09+00:00</time></trkpt><trkpt lat="25.055482" lon="121.159785"><ele>66.6</ele><time>2026-09-25T06:14:13+00:00</time></trkpt><trkpt lat="25.055387" lon="121.159565"><ele>66.6</ele><time>2026-09-25T06:14:17+00:00</time></trkpt><trkpt lat="25.055292" lon="121.159343"><ele>66.6</ele><time>2026-09-25T06:14:21+00:00</time></trkpt><trkpt lat="25.055210" lon="121.159154"><ele>66.6</ele><time>2026-09-25T06:14:25+00:00</time></trkpt><trkpt lat="25.055144" lon="121.158969"><ele>66.8</ele><time>2026-09-25T06:14:29+00:00</time></trkpt><trkpt lat="25.055058" lon="121.158758"><ele>67.0</ele><time>2026-09-25T06:14:33+00:00</time></trkpt><trkpt lat="25.054969" lon="121.158544"><ele>67.2</ele><time>2026-09-25T06:14:37+00:00</time></trkpt><trkpt lat="25.054879" lon="121.158333"><ele>67.2</ele><time>2026-09-25T06:14:41+00:00</time></trkpt><trkpt lat="25.054789" lon="121.158116"><ele>67.0</ele><time>2026-09-25T06:14:45+00:00</time></trkpt><trkpt lat="25.054710" lon="121.157903"><ele>66.8</ele><time>2026-09-25T06:14:49+00:00</time></trkpt><trkpt lat="25.054620" lon="121.157695"><ele>66.6</ele><time>2026-09-25T06:14:53+00:00</time></trkpt><trkpt lat="25.054518" lon="121.157477"><ele>66.6</ele><time>2026-09-25T06:14:57+00:00</time></trkpt><trkpt lat="25.054419" lon="121.157247"><ele>66.6</ele><time>2026-09-25T06:15:01+00:00</time></trkpt><trkpt lat="25.054316" lon="121.157008"><ele>66.4</ele><time>2026-09-25T06:15:05+00:00</time></trkpt><trkpt lat="25.054213" lon="121.156763"><ele>66.4</ele><time>2026-09-25T06:15:09+00:00</time></trkpt><trkpt lat="25.054108" lon="121.156516"><ele>66.4</ele><time>2026-09-25T06:15:13+00:00</time></trkpt><trkpt lat="25.054001" lon="121.156273"><ele>66.2</ele><time>2026-09-25T06:15:17+00:00</time></trkpt><trkpt lat="25.053897" lon="121.156033"><ele>66.4</ele><time>2026-09-25T06:15:21+00:00</time></trkpt><trkpt lat="25.053798" lon="121.155791"><ele>66.6</ele><time>2026-09-25T06:15:25+00:00</time></trkpt><trkpt lat="25.053699" lon="121.155554"><ele>66.8</ele><time>2026-09-25T06:15:29+00:00</time></trkpt><trkpt lat="25.053601" lon="121.155346"><ele>66.8</ele><time>2026-09-25T06:15:33+00:00</time></trkpt><trkpt lat="25.053522" lon="121.155162"><ele>66.8</ele><time>2026-09-25T06:15:37+00:00</time></trkpt><trkpt lat="25.053456" lon="121.154980"><ele>67.0</ele><time>2026-09-25T06:15:41+00:00</time></trkpt><trkpt lat="25.053407" lon="121.154829"><ele>67.0</ele><time>2026-09-25T06:15:45+00:00</time></trkpt><trkpt lat="25.053393" lon="121.154752"><ele>67.0</ele><time>2026-09-25T06:15:49+00:00</time></trkpt><trkpt lat="25.053367" lon="121.154695"><ele>67.0</ele><time>2026-09-25T06:15:53+00:00</time></trkpt><trkpt lat="25.053327" lon="121.154634"><ele>67.2</ele><time>2026-09-25T06:15:57+00:00</time></trkpt><trkpt lat="25.053290" lon="121.154566"><ele>67.2</ele><time>2026-09-25T06:16:01+00:00</time></trkpt><trkpt lat="25.053244" lon="121.154446"><ele>67.2</ele><time>2026-09-25T06:16:05+00:00</time></trkpt><trkpt lat="25.053174" lon="121.154287"><ele>67.2</ele><time>2026-09-25T06:16:09+00:00</time></trkpt><trkpt lat="25.053086" lon="121.154095"><ele>67.0</ele><time>2026-09-25T06:16:13+00:00</time></trkpt><trkpt lat="25.052992" lon="121.153886"><ele>67.0</ele><time>2026-09-25T06:16:17+00:00</time></trkpt><trkpt lat="25.052896" lon="121.153669"><ele>67.0</ele><time>2026-09-25T06:16:21+00:00</time></trkpt><trkpt lat="25.052798" lon="121.153441"><ele>67.2</ele><time>2026-09-25T06:16:25+00:00</time></trkpt><trkpt lat="25.052702" lon="121.153215"><ele>67.2</ele><time>2026-09-25T06:16:29+00:00</time></trkpt><trkpt lat="25.052605" lon="121.152985"><ele>67.2</ele><time>2026-09-25T06:16:33+00:00</time></trkpt><trkpt lat="25.052502" lon="121.152749"><ele>67.0</ele><time>2026-09-25T06:16:37+00:00</time></trkpt><trkpt lat="25.052399" lon="121.152511"><ele>67.2</ele><time>2026-09-25T06:16:41+00:00</time></trkpt><trkpt lat="25.052296" lon="121.152275"><ele>67.2</ele><time>2026-09-25T06:16:45+00:00</time></trkpt><trkpt lat="25.052195" lon="121.152031"><ele>67.4</ele><time>2026-09-25T06:16:49+00:00</time></trkpt><trkpt lat="25.052094" lon="121.151782"><ele>67.4</ele><time>2026-09-25T06:16:53+00:00</time></trkpt><trkpt lat="25.051996" lon="121.151529"><ele>67.6</ele><time>2026-09-25T06:16:57+00:00</time></trkpt><trkpt lat="25.051900" lon="121.151277"><ele>67.6</ele><time>2026-09-25T06:17:01+00:00</time></trkpt><trkpt lat="25.051805" lon="121.151021"><ele>67.8</ele><time>2026-09-25T06:17:05+00:00</time></trkpt><trkpt lat="25.051701" lon="121.150762"><ele>67.8</ele><time>2026-09-25T06:17:09+00:00</time></trkpt><trkpt lat="25.051599" lon="121.150503"><ele>68.0</ele><time>2026-09-25T06:17:13+00:00</time></trkpt><trkpt lat="25.051509" lon="121.150252"><ele>68.2</ele><time>2026-09-25T06:17:17+00:00</time></trkpt><trkpt lat="25.051437" lon="121.150021"><ele>68.4</ele><time>2026-09-25T06:17:21+00:00</time></trkpt><trkpt lat="25.051365" lon="121.149827"><ele>68.4</ele><time>2026-09-25T06:17:25+00:00</time></trkpt><trkpt lat="25.051299" lon="121.149650"><ele>68.4</ele><time>2026-09-25T06:17:29+00:00</time></trkpt><trkpt lat="25.051228" lon="121.149465"><ele>68.6</ele><time>2026-09-25T06:17:33+00:00</time></trkpt><trkpt lat="25.051160" lon="121.149268"><ele>68.6</ele><time>2026-09-25T06:17:37+00:00</time></trkpt><trkpt lat="25.051132" lon="121.149071"><ele>68.4</ele><time>2026-09-25T06:17:41+00:00</time></trkpt><trkpt lat="25.051191" lon="121.148867"><ele>68.4</ele><time>2026-09-25T06:17:45+00:00</time></trkpt><trkpt lat="25.051326" lon="121.148710"><ele>68.6</ele><time>2026-09-25T06:17:49+00:00</time></trkpt><trkpt lat="25.051538" lon="121.148625"><ele>68.6</ele><time>2026-09-25T06:17:53+00:00</time></trkpt><trkpt lat="25.051748" lon="121.148532"><ele>68.4</ele><time>2026-09-25T06:17:57+00:00</time></trkpt><trkpt lat="25.051954" lon="121.148425"><ele>68.2</ele><time>2026-09-25T06:18:01+00:00</time></trkpt><trkpt lat="25.052162" lon="121.148298"><ele>67.8</ele><time>2026-09-25T06:18:05+00:00</time></trkpt><trkpt lat="25.052363" lon="121.148144"><ele>67.6</ele><time>2026-09-25T06:18:09+00:00</time></trkpt><trkpt lat="25.052552" lon="121.147965"><ele>67.2</ele><time>2026-09-25T06:18:13+00:00</time></trkpt><trkpt lat="25.052732" lon="121.147774"><ele>67.2</ele><time>2026-09-25T06:18:17+00:00</time></trkpt><trkpt lat="25.052896" lon="121.147571"><ele>66.8</ele><time>2026-09-25T06:18:21+00:00</time></trkpt><trkpt lat="25.053043" lon="121.147349"><ele>66.6</ele><time>2026-09-25T06:18:25+00:00</time></trkpt><trkpt lat="25.053180" lon="121.147114"><ele>66.4</ele><time>2026-09-25T06:18:29+00:00</time></trkpt><trkpt lat="25.053312" lon="121.146865"><ele>66.2</ele><time>2026-09-25T06:18:33+00:00</time></trkpt><trkpt lat="25.053448" lon="121.146612"><ele>65.8</ele><time>2026-09-25T06:18:37+00:00</time></trkpt><trkpt lat="25.053582" lon="121.146355"><ele>65.6</ele><time>2026-09-25T06:18:41+00:00</time></trkpt><trkpt lat="25.053718" lon="121.146103"><ele>65.6</ele><time>2026-09-25T06:18:45+00:00</time></trkpt><trkpt lat="25.053858" lon="121.145854"><ele>65.2</ele><time>2026-09-25T06:18:49+00:00</time></trkpt><trkpt lat="25.053988" lon="121.145618"><ele>64.8</ele><time>2026-09-25T06:18:53+00:00</time></trkpt><trkpt lat="25.054105" lon="121.145394"><ele>65.0</ele><time>2026-09-25T06:18:57+00:00</time></trkpt><trkpt lat="25.054219" lon="121.145180"><ele>65.0</ele><time>2026-09-25T06:19:01+00:00</time></trkpt><trkpt lat="25.054334" lon="121.144954"><ele>65.0</ele><time>2026-09-25T06:19:05+00:00</time></trkpt><trkpt lat="25.054445" lon="121.144702"><ele>64.8</ele><time>2026-09-25T06:19:09+00:00</time></trkpt><trkpt lat="25.054544" lon="121.144438"><ele>64.4</ele><time>2026-09-25T06:19:13+00:00</time></trkpt><trkpt lat="25.054627" lon="121.144165"><ele>64.4</ele><time>2026-09-25T06:19:17+00:00</time></trkpt><trkpt lat="25.054700" lon="121.143884"><ele>64.2</ele><time>2026-09-25T06:19:21+00:00</time></trkpt><trkpt lat="25.054769" lon="121.143605"><ele>64.0</ele><time>2026-09-25T06:19:25+00:00</time></trkpt><trkpt lat="25.054817" lon="121.143321"><ele>64.0</ele><time>2026-09-25T06:19:29+00:00</time></trkpt><trkpt lat="25.054853" lon="121.143029"><ele>63.8</ele><time>2026-09-25T06:19:33+00:00</time></trkpt><trkpt lat="25.054878" lon="121.142735"><ele>64.0</ele><time>2026-09-25T06:19:37+00:00</time></trkpt><trkpt lat="25.054893" lon="121.142443"><ele>63.8</ele><time>2026-09-25T06:19:41+00:00</time></trkpt><trkpt lat="25.054904" lon="121.142177"><ele>63.6</ele><time>2026-09-25T06:19:45+00:00</time></trkpt><trkpt lat="25.054913" lon="121.141967"><ele>63.4</ele><time>2026-09-25T06:19:49+00:00</time></trkpt><trkpt lat="25.054916" lon="121.141870"><ele>63.2</ele><time>2026-09-25T06:19:53+00:00</time></trkpt><trkpt lat="25.054914" lon="121.141819"><ele>63.2</ele><time>2026-09-25T06:19:57+00:00</time></trkpt><trkpt lat="25.054921" lon="121.141754"><ele>63.2</ele><time>2026-09-25T06:20:01+00:00</time></trkpt><trkpt lat="25.054928" lon="121.141605"><ele>63.4</ele><time>2026-09-25T06:20:05+00:00</time></trkpt><trkpt lat="25.054936" lon="121.141401"><ele>63.4</ele><time>2026-09-25T06:20:09+00:00</time></trkpt><trkpt lat="25.054940" lon="121.141195"><ele>63.2</ele><time>2026-09-25T06:20:13+00:00</time></trkpt><trkpt lat="25.054948" lon="121.141041"><ele>63.0</ele><time>2026-09-25T06:20:17+00:00</time></trkpt><trkpt lat="25.054964" lon="121.140880"><ele>63.0</ele><time>2026-09-25T06:20:21+00:00</time></trkpt><trkpt lat="25.054968" lon="121.140681"><ele>63.0</ele><time>2026-09-25T06:20:25+00:00</time></trkpt><trkpt lat="25.054968" lon="121.140461"><ele>62.8</ele><time>2026-09-25T06:20:29+00:00</time></trkpt><trkpt lat="25.054977" lon="121.140225"><ele>62.6</ele><time>2026-09-25T06:20:33+00:00</time></trkpt><trkpt lat="25.054983" lon="121.139983"><ele>62.2</ele><time>2026-09-25T06:20:37+00:00</time></trkpt><trkpt lat="25.054992" lon="121.139732"><ele>62.0</ele><time>2026-09-25T06:20:41+00:00</time></trkpt><trkpt lat="25.055006" lon="121.139458"><ele>61.6</ele><time>2026-09-25T06:20:45+00:00</time></trkpt><trkpt lat="25.055023" lon="121.139168"><ele>61.4</ele><time>2026-09-25T06:20:49+00:00</time></trkpt><trkpt lat="25.055033" lon="121.138882"><ele>60.6</ele><time>2026-09-25T06:20:53+00:00</time></trkpt><trkpt lat="25.055049" lon="121.138602"><ele>60.2</ele><time>2026-09-25T06:20:57+00:00</time></trkpt><trkpt lat="25.055065" lon="121.138323"><ele>60.0</ele><time>2026-09-25T06:21:01+00:00</time></trkpt><trkpt lat="25.055076" lon="121.138030"><ele>59.6</ele><time>2026-09-25T06:21:05+00:00</time></trkpt><trkpt lat="25.055073" lon="121.137727"><ele>59.0</ele><time>2026-09-25T06:21:09+00:00</time></trkpt><trkpt lat="25.055071" lon="121.137422"><ele>59.0</ele><time>2026-09-25T06:21:13+00:00</time></trkpt><trkpt lat="25.055080" lon="121.137111"><ele>58.8</ele><time>2026-09-25T06:21:17+00:00</time></trkpt><trkpt lat="25.055098" lon="121.136788"><ele>58.8</ele><time>2026-09-25T06:21:21+00:00</time></trkpt><trkpt lat="25.055114" lon="121.136459"><ele>58.4</ele><time>2026-09-25T06:21:25+00:00</time></trkpt><trkpt lat="25.055128" lon="121.136135"><ele>58.4</ele><time>2026-09-25T06:21:29+00:00</time></trkpt><trkpt lat="25.055150" lon="121.135818"><ele>58.2</ele><time>2026-09-25T06:21:33+00:00</time></trkpt><trkpt lat="25.055158" lon="121.135501"><ele>58.2</ele><time>2026-09-25T06:21:37+00:00</time></trkpt><trkpt lat="25.055169" lon="121.135182"><ele>58.2</ele><time>2026-09-25T06:21:41+00:00</time></trkpt><trkpt lat="25.055183" lon="121.134860"><ele>58.2</ele><time>2026-09-25T06:21:45+00:00</time></trkpt><trkpt lat="25.055194" lon="121.134535"><ele>58.0</ele><time>2026-09-25T06:21:49+00:00</time></trkpt><trkpt lat="25.055211" lon="121.134219"><ele>57.6</ele><time>2026-09-25T06:21:53+00:00</time></trkpt><trkpt lat="25.055230" lon="121.133938"><ele>57.0</ele><time>2026-09-25T06:21:57+00:00</time></trkpt><trkpt lat="25.055245" lon="121.133672"><ele>56.6</ele><time>2026-09-25T06:22:01+00:00</time></trkpt><trkpt lat="25.055253" lon="121.133388"><ele>56.2</ele><time>2026-09-25T06:22:05+00:00</time></trkpt><trkpt lat="25.055258" lon="121.133102"><ele>56.0</ele><time>2026-09-25T06:22:09+00:00</time></trkpt><trkpt lat="25.055268" lon="121.132817"><ele>55.8</ele><time>2026-09-25T06:22:13+00:00</time></trkpt><trkpt lat="25.055285" lon="121.132528"><ele>55.6</ele><time>2026-09-25T06:22:17+00:00</time></trkpt><trkpt lat="25.055307" lon="121.132236"><ele>55.6</ele><time>2026-09-25T06:22:21+00:00</time></trkpt><trkpt lat="25.055318" lon="121.131957"><ele>55.4</ele><time>2026-09-25T06:22:25+00:00</time></trkpt><trkpt lat="25.055323" lon="121.131689"><ele>55.2</ele><time>2026-09-25T06:22:29+00:00</time></trkpt><trkpt lat="25.055331" lon="121.131429"><ele>55.0</ele><time>2026-09-25T06:22:33+00:00</time></trkpt><trkpt lat="25.055346" lon="121.131178"><ele>54.8</ele><time>2026-09-25T06:22:37+00:00</time></trkpt><trkpt lat="25.055342" lon="121.130911"><ele>54.4</ele><time>2026-09-25T06:22:41+00:00</time></trkpt><trkpt lat="25.055326" lon="121.130621"><ele>54.0</ele><time>2026-09-25T06:22:45+00:00</time></trkpt><trkpt lat="25.055320" lon="121.130406"><ele>53.4</ele><time>2026-09-25T06:22:49+00:00</time></trkpt><trkpt lat="25.055316" lon="121.130243"><ele>52.8</ele><time>2026-09-25T06:23:29+00:00</time></trkpt><trkpt lat="25.055291" lon="121.129987"><ele>52.4</ele><time>2026-09-25T06:23:33+00:00</time></trkpt><trkpt lat="25.055277" lon="121.129729"><ele>52.2</ele><time>2026-09-25T06:23:37+00:00</time></trkpt><trkpt lat="25.055252" lon="121.129458"><ele>52.0</ele><time>2026-09-25T06:23:41+00:00</time></trkpt><trkpt lat="25.055236" lon="121.129138"><ele>51.4</ele><time>2026-09-25T06:23:45+00:00</time></trkpt><trkpt lat="25.055216" lon="121.128809"><ele>50.8</ele><time>2026-09-25T06:23:49+00:00</time></trkpt><trkpt lat="25.055204" lon="121.128445"><ele>50.2</ele><time>2026-09-25T06:23:53+00:00</time></trkpt><trkpt lat="25.055183" lon="121.128068"><ele>49.6</ele><time>2026-09-25T06:23:57+00:00</time></trkpt><trkpt lat="25.055160" lon="121.127686"><ele>49.0</ele><time>2026-09-25T06:24:01+00:00</time></trkpt><trkpt lat="25.055141" lon="121.127329"><ele>48.2</ele><time>2026-09-25T06:24:05+00:00</time></trkpt><trkpt lat="25.055131" lon="121.127016"><ele>47.4</ele><time>2026-09-25T06:24:09+00:00</time></trkpt><trkpt lat="25.055111" lon="121.126736"><ele>46.8</ele><time>2026-09-25T06:24:13+00:00</time></trkpt><trkpt lat="25.055092" lon="121.126446"><ele>46.4</ele><time>2026-09-25T06:24:17+00:00</time></trkpt><trkpt lat="25.055077" lon="121.126158"><ele>46.4</ele><time>2026-09-25T06:24:21+00:00</time></trkpt><trkpt lat="25.055065" lon="121.125863"><ele>46.4</ele><time>2026-09-25T06:24:25+00:00</time></trkpt><trkpt lat="25.055048" lon="121.125569"><ele>46.6</ele><time>2026-09-25T06:24:29+00:00</time></trkpt><trkpt lat="25.055029" lon="121.125281"><ele>46.6</ele><time>2026-09-25T06:24:33+00:00</time></trkpt><trkpt lat="25.055012" lon="121.125003"><ele>46.4</ele><time>2026-09-25T06:24:37+00:00</time></trkpt><trkpt lat="25.055001" lon="121.124757"><ele>46.4</ele><time>2026-09-25T06:24:41+00:00</time></trkpt><trkpt lat="25.054996" lon="121.124582"><ele>46.4</ele><time>2026-09-25T06:24:45+00:00</time></trkpt><trkpt lat="25.054989" lon="121.124475"><ele>46.4</ele><time>2026-09-25T06:24:49+00:00</time></trkpt><trkpt lat="25.054982" lon="121.124252"><ele>46.4</ele><time>2026-09-25T06:25:12+00:00</time></trkpt><trkpt lat="25.054962" lon="121.124026"><ele>46.4</ele><time>2026-09-25T06:25:16+00:00</time></trkpt><trkpt lat="25.054942" lon="121.123772"><ele>46.8</ele><time>2026-09-25T06:25:20+00:00</time></trkpt><trkpt lat="25.054931" lon="121.123570"><ele>47.2</ele><time>2026-09-25T06:25:24+00:00</time></trkpt><trkpt lat="25.054908" lon="121.123328"><ele>47.6</ele><time>2026-09-25T06:25:28+00:00</time></trkpt><trkpt lat="25.054868" lon="121.123083"><ele>48.0</ele><time>2026-09-25T06:25:32+00:00</time></trkpt><trkpt lat="25.054810" lon="121.122836"><ele>48.6</ele><time>2026-09-25T06:25:36+00:00</time></trkpt><trkpt lat="25.054744" lon="121.122595"><ele>49.0</ele><time>2026-09-25T06:25:40+00:00</time></trkpt><trkpt lat="25.054665" lon="121.122358"><ele>49.2</ele><time>2026-09-25T06:25:44+00:00</time></trkpt><trkpt lat="25.054563" lon="121.122092"><ele>49.6</ele><time>2026-09-25T06:25:48+00:00</time></trkpt><trkpt lat="25.054451" lon="121.121842"><ele>50.0</ele><time>2026-09-25T06:25:52+00:00</time></trkpt><trkpt lat="25.054322" lon="121.121606"><ele>50.4</ele><time>2026-09-25T06:25:56+00:00</time></trkpt><trkpt lat="25.054180" lon="121.121385"><ele>50.6</ele><time>2026-09-25T06:26:00+00:00</time></trkpt><trkpt lat="25.054034" lon="121.121172"><ele>51.0</ele><time>2026-09-25T06:26:04+00:00</time></trkpt><trkpt lat="25.053849" lon="121.120921"><ele>51.2</ele><time>2026-09-25T06:26:08+00:00</time></trkpt><trkpt lat="25.053709" lon="121.120728"><ele>51.6</ele><time>2026-09-25T06:26:12+00:00</time></trkpt><trkpt lat="25.053553" lon="121.120511"><ele>51.8</ele><time>2026-09-25T06:26:16+00:00</time></trkpt><trkpt lat="25.053380" lon="121.120273"><ele>51.8</ele><time>2026-09-25T06:26:20+00:00</time></trkpt><trkpt lat="25.053217" lon="121.120043"><ele>51.6</ele><time>2026-09-25T06:26:24+00:00</time></trkpt><trkpt lat="25.053049" lon="121.119809"><ele>51.6</ele><time>2026-09-25T06:26:28+00:00</time></trkpt><trkpt lat="25.052886" lon="121.119586"><ele>51.8</ele><time>2026-09-25T06:26:32+00:00</time></trkpt><trkpt lat="25.052699" lon="121.119324"><ele>51.8</ele><time>2026-09-25T06:26:36+00:00</time></trkpt><trkpt lat="25.052552" lon="121.119120"><ele>51.8</ele><time>2026-09-25T06:26:40+00:00</time></trkpt><trkpt lat="25.052392" lon="121.118896"><ele>52.0</ele><time>2026-09-25T06:26:44+00:00</time></trkpt><trkpt lat="25.052215" lon="121.118647"><ele>52.0</ele><time>2026-09-25T06:26:48+00:00</time></trkpt><trkpt lat="25.052065" lon="121.118436"><ele>52.0</ele><time>2026-09-25T06:26:52+00:00</time></trkpt><trkpt lat="25.051902" lon="121.118205"><ele>52.2</ele><time>2026-09-25T06:26:56+00:00</time></trkpt><trkpt lat="25.051708" lon="121.117936"><ele>52.2</ele><time>2026-09-25T06:27:00+00:00</time></trkpt><trkpt lat="25.051582" lon="121.117754"><ele>52.4</ele><time>2026-09-25T06:27:04+00:00</time></trkpt><trkpt lat="25.051383" lon="121.117481"><ele>52.4</ele><time>2026-09-25T06:27:08+00:00</time></trkpt><trkpt lat="25.051207" lon="121.117235"><ele>52.6</ele><time>2026-09-25T06:27:12+00:00</time></trkpt><trkpt lat="25.051067" lon="121.117040"><ele>52.8</ele><time>2026-09-25T06:27:16+00:00</time></trkpt><trkpt lat="25.050909" lon="121.116821"><ele>53.0</ele><time>2026-09-25T06:27:20+00:00</time></trkpt><trkpt lat="25.050752" lon="121.116606"><ele>53.0</ele><time>2026-09-25T06:27:24+00:00</time></trkpt><trkpt lat="25.050603" lon="121.116391"><ele>53.0</ele><time>2026-09-25T06:27:28+00:00</time></trkpt><trkpt lat="25.050438" lon="121.116161"><ele>53.0</ele><time>2026-09-25T06:27:32+00:00</time></trkpt><trkpt lat="25.050266" lon="121.115921"><ele>53.0</ele><time>2026-09-25T06:27:36+00:00</time></trkpt><trkpt lat="25.050107" lon="121.115695"><ele>53.0</ele><time>2026-09-25T06:27:40+00:00</time></trkpt><trkpt lat="25.049944" lon="121.115468"><ele>52.8</ele><time>2026-09-25T06:27:44+00:00</time></trkpt><trkpt lat="25.049735" lon="121.115179"><ele>52.6</ele><time>2026-09-25T06:27:48+00:00</time></trkpt><trkpt lat="25.049606" lon="121.114996"><ele>52.6</ele><time>2026-09-25T06:27:52+00:00</time></trkpt><trkpt lat="25.049458" lon="121.114796"><ele>52.4</ele><time>2026-09-25T06:27:56+00:00</time></trkpt><trkpt lat="25.049298" lon="121.114565"><ele>52.4</ele><time>2026-09-25T06:28:00+00:00</time></trkpt><trkpt lat="25.049138" lon="121.114343"><ele>52.4</ele><time>2026-09-25T06:28:04+00:00</time></trkpt><trkpt lat="25.048980" lon="121.114133"><ele>52.2</ele><time>2026-09-25T06:28:08+00:00</time></trkpt><trkpt lat="25.048803" lon="121.113884"><ele>52.2</ele><time>2026-09-25T06:28:12+00:00</time></trkpt><trkpt lat="25.048675" lon="121.113701"><ele>52.0</ele><time>2026-09-25T06:28:16+00:00</time></trkpt><trkpt lat="25.048521" lon="121.113476"><ele>51.8</ele><time>2026-09-25T06:28:20+00:00</time></trkpt><trkpt lat="25.048362" lon="121.113258"><ele>51.6</ele><time>2026-09-25T06:28:24+00:00</time></trkpt><trkpt lat="25.048210" lon="121.113037"><ele>51.6</ele><time>2026-09-25T06:28:28+00:00</time></trkpt><trkpt lat="25.048047" lon="121.112814"><ele>51.4</ele><time>2026-09-25T06:28:32+00:00</time></trkpt><trkpt lat="25.047848" lon="121.112542"><ele>51.4</ele><time>2026-09-25T06:28:36+00:00</time></trkpt><trkpt lat="25.047724" lon="121.112374"><ele>51.2</ele><time>2026-09-25T06:28:40+00:00</time></trkpt><trkpt lat="25.047557" lon="121.112149"><ele>51.2</ele><time>2026-09-25T06:28:44+00:00</time></trkpt><trkpt lat="25.047413" lon="121.111957"><ele>51.0</ele><time>2026-09-25T06:28:48+00:00</time></trkpt><trkpt lat="25.047216" lon="121.111689"><ele>50.8</ele><time>2026-09-25T06:28:52+00:00</time></trkpt><trkpt lat="25.047017" lon="121.111413"><ele>50.4</ele><time>2026-09-25T06:28:56+00:00</time></trkpt><trkpt lat="25.046880" lon="121.111207"><ele>50.2</ele><time>2026-09-25T06:29:00+00:00</time></trkpt><trkpt lat="25.046729" lon="121.110997"><ele>49.8</ele><time>2026-09-25T06:29:04+00:00</time></trkpt><trkpt lat="25.046533" lon="121.110728"><ele>49.4</ele><time>2026-09-25T06:29:08+00:00</time></trkpt><trkpt lat="25.046419" lon="121.110568"><ele>49.2</ele><time>2026-09-25T06:29:12+00:00</time></trkpt><trkpt lat="25.046248" lon="121.110332"><ele>49.2</ele><time>2026-09-25T06:29:16+00:00</time></trkpt><trkpt lat="25.046088" lon="121.110100"><ele>48.8</ele><time>2026-09-25T06:29:20+00:00</time></trkpt><trkpt lat="25.045962" lon="121.109914"><ele>48.6</ele><time>2026-09-25T06:29:24+00:00</time></trkpt><trkpt lat="25.045832" lon="121.109717"><ele>48.6</ele><time>2026-09-25T06:29:28+00:00</time></trkpt><trkpt lat="25.045648" lon="121.109468"><ele>48.4</ele><time>2026-09-25T06:29:32+00:00</time></trkpt><trkpt lat="25.045455" lon="121.109195"><ele>48.4</ele><time>2026-09-25T06:29:36+00:00</time></trkpt><trkpt lat="25.045301" lon="121.108979"><ele>48.2</ele><time>2026-09-25T06:29:40+00:00</time></trkpt><trkpt lat="25.045148" lon="121.108770"><ele>48.0</ele><time>2026-09-25T06:29:44+00:00</time></trkpt><trkpt lat="25.044934" lon="121.108477"><ele>48.0</ele><time>2026-09-25T06:29:48+00:00</time></trkpt><trkpt lat="25.044759" lon="121.108235"><ele>47.8</ele><time>2026-09-25T06:29:52+00:00</time></trkpt><trkpt lat="25.044623" lon="121.108047"><ele>47.6</ele><time>2026-09-25T06:29:56+00:00</time></trkpt><trkpt lat="25.044444" lon="121.107792"><ele>47.6</ele><time>2026-09-25T06:30:00+00:00</time></trkpt><trkpt lat="25.044259" lon="121.107535"><ele>47.4</ele><time>2026-09-25T06:30:04+00:00</time></trkpt><trkpt lat="25.044079" lon="121.107280"><ele>47.4</ele><time>2026-09-25T06:30:08+00:00</time></trkpt><trkpt lat="25.043936" lon="121.107079"><ele>47.4</ele><time>2026-09-25T06:30:12+00:00</time></trkpt><trkpt lat="25.043744" lon="121.106840"><ele>47.4</ele><time>2026-09-25T06:30:16+00:00</time></trkpt><trkpt lat="25.043586" lon="121.106651"><ele>47.6</ele><time>2026-09-25T06:30:20+00:00</time></trkpt><trkpt lat="25.043445" lon="121.106483"><ele>47.8</ele><time>2026-09-25T06:30:24+00:00</time></trkpt><trkpt lat="25.043239" lon="121.106250"><ele>48.0</ele><time>2026-09-25T06:30:28+00:00</time></trkpt><trkpt lat="25.043058" lon="121.106057"><ele>48.2</ele><time>2026-09-25T06:30:32+00:00</time></trkpt><trkpt lat="25.042857" lon="121.105843"><ele>48.4</ele><time>2026-09-25T06:30:36+00:00</time></trkpt><trkpt lat="25.042674" lon="121.105650"><ele>48.6</ele><time>2026-09-25T06:30:40+00:00</time></trkpt><trkpt lat="25.042506" lon="121.105470"><ele>49.0</ele><time>2026-09-25T06:30:44+00:00</time></trkpt><trkpt lat="25.042364" lon="121.105306"><ele>49.2</ele><time>2026-09-25T06:30:48+00:00</time></trkpt><trkpt lat="25.042233" lon="121.105170"><ele>49.8</ele><time>2026-09-25T06:30:52+00:00</time></trkpt><trkpt lat="25.042096" lon="121.105024"><ele>50.0</ele><time>2026-09-25T06:30:56+00:00</time></trkpt><trkpt lat="25.041970" lon="121.104885"><ele>50.0</ele><time>2026-09-25T06:31:00+00:00</time></trkpt><trkpt lat="25.041889" lon="121.104777"><ele>50.2</ele><time>2026-09-25T06:31:45+00:00</time></trkpt><trkpt lat="25.041763" lon="121.104648"><ele>50.4</ele><time>2026-09-25T06:31:49+00:00</time></trkpt><trkpt lat="25.041632" lon="121.104517"><ele>50.8</ele><time>2026-09-25T06:31:53+00:00</time></trkpt><trkpt lat="25.041479" lon="121.104374"><ele>51.2</ele><time>2026-09-25T06:31:57+00:00</time></trkpt><trkpt lat="25.041305" lon="121.104228"><ele>51.6</ele><time>2026-09-25T06:32:01+00:00</time></trkpt><trkpt lat="25.041140" lon="121.104091"><ele>52.4</ele><time>2026-09-25T06:32:05+00:00</time></trkpt><trkpt lat="25.041025" lon="121.103996"><ele>52.8</ele><time>2026-09-25T06:32:09+00:00</time></trkpt><trkpt lat="25.040842" lon="121.103864"><ele>53.2</ele><time>2026-09-25T06:32:13+00:00</time></trkpt><trkpt lat="25.040629" lon="121.103735"><ele>53.2</ele><time>2026-09-25T06:32:17+00:00</time></trkpt><trkpt lat="25.040497" lon="121.103655"><ele>53.4</ele><time>2026-09-25T06:32:21+00:00</time></trkpt><trkpt lat="25.040304" lon="121.103556"><ele>53.6</ele><time>2026-09-25T06:32:25+00:00</time></trkpt><trkpt lat="25.040099" lon="121.103460"><ele>53.6</ele><time>2026-09-25T06:32:29+00:00</time></trkpt><trkpt lat="25.039858" lon="121.103357"><ele>53.8</ele><time>2026-09-25T06:32:33+00:00</time></trkpt><trkpt lat="25.039660" lon="121.103276"><ele>53.8</ele><time>2026-09-25T06:32:37+00:00</time></trkpt><trkpt lat="25.039452" lon="121.103205"><ele>53.8</ele><time>2026-09-25T06:32:41+00:00</time></trkpt><trkpt lat="25.039214" lon="121.103129"><ele>54.0</ele><time>2026-09-25T06:32:45+00:00</time></trkpt><trkpt lat="25.038965" lon="121.103072"><ele>53.8</ele><time>2026-09-25T06:32:49+00:00</time></trkpt><trkpt lat="25.038700" lon="121.103017"><ele>54.0</ele><time>2026-09-25T06:32:53+00:00</time></trkpt><trkpt lat="25.038416" lon="121.102980"><ele>54.0</ele><time>2026-09-25T06:32:57+00:00</time></trkpt><trkpt lat="25.038165" lon="121.102956"><ele>54.2</ele><time>2026-09-25T06:33:01+00:00</time></trkpt><trkpt lat="25.037901" lon="121.102949"><ele>54.2</ele><time>2026-09-25T06:33:05+00:00</time></trkpt><trkpt lat="25.037689" lon="121.102956"><ele>54.6</ele><time>2026-09-25T06:33:09+00:00</time></trkpt><trkpt lat="25.037485" lon="121.102968"><ele>55.0</ele><time>2026-09-25T06:33:13+00:00</time></trkpt><trkpt lat="25.037238" lon="121.102983"><ele>55.6</ele><time>2026-09-25T06:33:17+00:00</time></trkpt><trkpt lat="25.037003" lon="121.103004"><ele>56.2</ele><time>2026-09-25T06:33:21+00:00</time></trkpt><trkpt lat="25.036786" lon="121.103016"><ele>56.6</ele><time>2026-09-25T06:33:25+00:00</time></trkpt><trkpt lat="25.036513" lon="121.103030"><ele>57.2</ele><time>2026-09-25T06:33:29+00:00</time></trkpt><trkpt lat="25.036337" lon="121.103035"><ele>57.8</ele><time>2026-09-25T06:33:33+00:00</time></trkpt><trkpt lat="25.036160" lon="121.103030"><ele>58.4</ele><time>2026-09-25T06:33:37+00:00</time></trkpt><trkpt lat="25.035924" lon="121.102968"><ele>58.8</ele><time>2026-09-25T06:33:41+00:00</time></trkpt><trkpt lat="25.035752" lon="121.102891"><ele>59.2</ele><time>2026-09-25T06:33:45+00:00</time></trkpt><trkpt lat="25.035492" lon="121.102747"><ele>59.2</ele><time>2026-09-25T06:33:49+00:00</time></trkpt><trkpt lat="25.035356" lon="121.102644"><ele>59.4</ele><time>2026-09-25T06:33:53+00:00</time></trkpt><trkpt lat="25.035138" lon="121.102426"><ele>59.2</ele><time>2026-09-25T06:33:57+00:00</time></trkpt><trkpt lat="25.035012" lon="121.102268"><ele>59.2</ele><time>2026-09-25T06:34:01+00:00</time></trkpt><trkpt lat="25.034905" lon="121.102072"><ele>59.4</ele><time>2026-09-25T06:34:05+00:00</time></trkpt><trkpt lat="25.034785" lon="121.101805"><ele>59.4</ele><time>2026-09-25T06:34:09+00:00</time></trkpt><trkpt lat="25.034716" lon="121.101588"><ele>59.2</ele><time>2026-09-25T06:34:13+00:00</time></trkpt><trkpt lat="25.034660" lon="121.101327"><ele>59.2</ele><time>2026-09-25T06:34:17+00:00</time></trkpt><trkpt lat="25.034614" lon="121.101059"><ele>59.2</ele><time>2026-09-25T06:34:21+00:00</time></trkpt><trkpt lat="25.034580" lon="121.100764"><ele>59.4</ele><time>2026-09-25T06:34:25+00:00</time></trkpt><trkpt lat="25.034551" lon="121.100436"><ele>59.2</ele><time>2026-09-25T06:34:29+00:00</time></trkpt><trkpt lat="25.034527" lon="121.100163"><ele>59.2</ele><time>2026-09-25T06:34:33+00:00</time></trkpt><trkpt lat="25.034503" lon="121.099941"><ele>59.0</ele><time>2026-09-25T06:34:37+00:00</time></trkpt><trkpt lat="25.034472" lon="121.099584"><ele>58.8</ele><time>2026-09-25T06:34:41+00:00</time></trkpt><trkpt lat="25.034432" lon="121.099301"><ele>58.6</ele><time>2026-09-25T06:34:45+00:00</time></trkpt><trkpt lat="25.034405" lon="121.099040"><ele>58.4</ele><time>2026-09-25T06:34:49+00:00</time></trkpt><trkpt lat="25.034388" lon="121.098813"><ele>58.2</ele><time>2026-09-25T06:34:53+00:00</time></trkpt><trkpt lat="25.034389" lon="121.098650"><ele>58.0</ele><time>2026-09-25T06:34:57+00:00</time></trkpt><trkpt lat="25.034379" lon="121.098524"><ele>57.8</ele><time>2026-09-25T06:35:01+00:00</time></trkpt><trkpt lat="25.034359" lon="121.098348"><ele>57.8</ele><time>2026-09-25T06:35:05+00:00</time></trkpt><trkpt lat="25.034334" lon="121.098119"><ele>57.6</ele><time>2026-09-25T06:35:09+00:00</time></trkpt><trkpt lat="25.034316" lon="121.097907"><ele>57.6</ele><time>2026-09-25T06:35:13+00:00</time></trkpt><trkpt lat="25.034293" lon="121.097691"><ele>57.4</ele><time>2026-09-25T06:35:17+00:00</time></trkpt><trkpt lat="25.034258" lon="121.097367"><ele>57.4</ele><time>2026-09-25T06:35:21+00:00</time></trkpt><trkpt lat="25.034233" lon="121.097110"><ele>57.2</ele><time>2026-09-25T06:35:25+00:00</time></trkpt><trkpt lat="25.034207" lon="121.096862"><ele>56.8</ele><time>2026-09-25T06:35:29+00:00</time></trkpt><trkpt lat="25.034180" lon="121.096591"><ele>56.6</ele><time>2026-09-25T06:35:33+00:00</time></trkpt><trkpt lat="25.034153" lon="121.096367"><ele>56.6</ele><time>2026-09-25T06:35:37+00:00</time></trkpt><trkpt lat="25.034123" lon="121.096082"><ele>56.8</ele><time>2026-09-25T06:35:41+00:00</time></trkpt><trkpt lat="25.034098" lon="121.095819"><ele>57.0</ele><time>2026-09-25T06:35:45+00:00</time></trkpt><trkpt lat="25.034082" lon="121.095635"><ele>56.8</ele><time>2026-09-25T06:35:49+00:00</time></trkpt><trkpt lat="25.034053" lon="121.095318"><ele>56.4</ele><time>2026-09-25T06:35:53+00:00</time></trkpt><trkpt lat="25.034039" lon="121.095080"><ele>56.2</ele><time>2026-09-25T06:35:57+00:00</time></trkpt><trkpt lat="25.034028" lon="121.094883"><ele>56.2</ele><time>2026-09-25T06:36:01+00:00</time></trkpt><trkpt lat="25.034004" lon="121.094607"><ele>55.8</ele><time>2026-09-25T06:36:05+00:00</time></trkpt><trkpt lat="25.033999" lon="121.094419"><ele>55.6</ele><time>2026-09-25T06:36:09+00:00</time></trkpt><trkpt lat="25.033992" lon="121.094125"><ele>55.6</ele><time>2026-09-25T06:36:13+00:00</time></trkpt><trkpt lat="25.033989" lon="121.093842"><ele>55.4</ele><time>2026-09-25T06:36:17+00:00</time></trkpt><trkpt lat="25.034001" lon="121.093591"><ele>55.0</ele><time>2026-09-25T06:36:21+00:00</time></trkpt><trkpt lat="25.034024" lon="121.093224"><ele>54.6</ele><time>2026-09-25T06:36:25+00:00</time></trkpt><trkpt lat="25.034043" lon="121.092996"><ele>54.4</ele><time>2026-09-25T06:36:29+00:00</time></trkpt><trkpt lat="25.034072" lon="121.092726"><ele>54.2</ele><time>2026-09-25T06:36:33+00:00</time></trkpt><trkpt lat="25.034111" lon="121.092378"><ele>54.0</ele><time>2026-09-25T06:36:37+00:00</time></trkpt><trkpt lat="25.034130" lon="121.092166"><ele>53.6</ele><time>2026-09-25T06:36:41+00:00</time></trkpt><trkpt lat="25.034146" lon="121.091905"><ele>53.2</ele><time>2026-09-25T06:36:45+00:00</time></trkpt><trkpt lat="25.034149" lon="121.091594"><ele>52.8</ele><time>2026-09-25T06:36:49+00:00</time></trkpt><trkpt lat="25.034162" lon="121.091359"><ele>52.4</ele><time>2026-09-25T06:36:53+00:00</time></trkpt><trkpt lat="25.034190" lon="121.091047"><ele>52.2</ele><time>2026-09-25T06:36:57+00:00</time></trkpt><trkpt lat="25.034214" lon="121.090806"><ele>52.0</ele><time>2026-09-25T06:37:01+00:00</time></trkpt><trkpt lat="25.034244" lon="121.090512"><ele>51.8</ele><time>2026-09-25T06:37:05+00:00</time></trkpt><trkpt lat="25.034275" lon="121.090233"><ele>51.4</ele><time>2026-09-25T06:37:09+00:00</time></trkpt><trkpt lat="25.034297" lon="121.089972"><ele>51.2</ele><time>2026-09-25T06:37:13+00:00</time></trkpt><trkpt lat="25.034324" lon="121.089705"><ele>51.0</ele><time>2026-09-25T06:37:17+00:00</time></trkpt><trkpt lat="25.034355" lon="121.089437"><ele>51.0</ele><time>2026-09-25T06:37:21+00:00</time></trkpt><trkpt lat="25.034380" lon="121.089171"><ele>51.0</ele><time>2026-09-25T06:37:25+00:00</time></trkpt><trkpt lat="25.034403" lon="121.088897"><ele>50.8</ele><time>2026-09-25T06:37:29+00:00</time></trkpt><trkpt lat="25.034425" lon="121.088622"><ele>50.8</ele><time>2026-09-25T06:37:33+00:00</time></trkpt><trkpt lat="25.034451" lon="121.088348"><ele>51.0</ele><time>2026-09-25T06:37:37+00:00</time></trkpt><trkpt lat="25.034470" lon="121.088119"><ele>51.2</ele><time>2026-09-25T06:37:41+00:00</time></trkpt><trkpt lat="25.034497" lon="121.087851"><ele>51.0</ele><time>2026-09-25T06:37:45+00:00</time></trkpt><trkpt lat="25.034524" lon="121.087620"><ele>50.8</ele><time>2026-09-25T06:37:49+00:00</time></trkpt><trkpt lat="25.034554" lon="121.087334"><ele>50.4</ele><time>2026-09-25T06:37:53+00:00</time></trkpt><trkpt lat="25.034576" lon="121.087075"><ele>50.2</ele><time>2026-09-25T06:37:57+00:00</time></trkpt><trkpt lat="25.034604" lon="121.086796"><ele>49.8</ele><time>2026-09-25T06:38:01+00:00</time></trkpt><trkpt lat="25.034636" lon="121.086497"><ele>49.4</ele><time>2026-09-25T06:38:05+00:00</time></trkpt><trkpt lat="25.034679" lon="121.086199"><ele>49.0</ele><time>2026-09-25T06:38:09+00:00</time></trkpt><trkpt lat="25.034746" lon="121.085968"><ele>48.4</ele><time>2026-09-25T06:38:13+00:00</time></trkpt><trkpt lat="25.034863" lon="121.085677"><ele>47.8</ele><time>2026-09-25T06:38:17+00:00</time></trkpt><trkpt lat="25.034965" lon="121.085409"><ele>47.2</ele><time>2026-09-25T06:38:21+00:00</time></trkpt><trkpt lat="25.035070" lon="121.085146"><ele>47.0</ele><time>2026-09-25T06:38:25+00:00</time></trkpt><trkpt lat="25.035179" lon="121.084889"><ele>46.8</ele><time>2026-09-25T06:38:29+00:00</time></trkpt><trkpt lat="25.035284" lon="121.084630"><ele>46.6</ele><time>2026-09-25T06:38:33+00:00</time></trkpt><trkpt lat="25.035390" lon="121.084368"><ele>46.2</ele><time>2026-09-25T06:38:37+00:00</time></trkpt><trkpt lat="25.035500" lon="121.084110"><ele>46.2</ele><time>2026-09-25T06:38:41+00:00</time></trkpt><trkpt lat="25.035606" lon="121.083858"><ele>46.0</ele><time>2026-09-25T06:38:45+00:00</time></trkpt><trkpt lat="25.035706" lon="121.083626"><ele>46.2</ele><time>2026-09-25T06:38:49+00:00</time></trkpt><trkpt lat="25.035792" lon="121.083429"><ele>46.2</ele><time>2026-09-25T06:38:53+00:00</time></trkpt><trkpt lat="25.035872" lon="121.083268"><ele>46.2</ele><time>2026-09-25T06:38:57+00:00</time></trkpt><trkpt lat="25.035916" lon="121.083180"><ele>46.0</ele><time>2026-09-25T06:39:01+00:00</time></trkpt><trkpt lat="25.035942" lon="121.083125"><ele>46.0</ele><time>2026-09-25T06:39:05+00:00</time></trkpt><trkpt lat="25.035976" lon="121.083041"><ele>45.8</ele><time>2026-09-25T06:39:09+00:00</time></trkpt><trkpt lat="25.036050" lon="121.082906"><ele>45.8</ele><time>2026-09-25T06:39:46+00:00</time></trkpt><trkpt lat="25.036167" lon="121.082804"><ele>45.8</ele><time>2026-09-25T06:39:50+00:00</time></trkpt><trkpt lat="25.036292" lon="121.082725"><ele>45.8</ele><time>2026-09-25T06:39:54+00:00</time></trkpt><trkpt lat="25.036405" lon="121.082640"><ele>45.8</ele><time>2026-09-25T06:39:58+00:00</time></trkpt><trkpt lat="25.036483" lon="121.082537"><ele>45.8</ele><time>2026-09-25T06:40:02+00:00</time></trkpt><trkpt lat="25.036541" lon="121.082432"><ele>45.8</ele><time>2026-09-25T06:40:06+00:00</time></trkpt><trkpt lat="25.036559" lon="121.082227"><ele>46.2</ele><time>2026-09-25T07:04:19+00:00</time></trkpt><trkpt lat="25.036786" lon="121.082015"><ele>46.6</ele><time>2026-09-25T07:08:21+00:00</time></trkpt><trkpt lat="25.036862" lon="121.081976"><ele>46.4</ele><time>2026-09-25T07:08:25+00:00</time></trkpt><trkpt lat="25.036964" lon="121.081904"><ele>45.8</ele><time>2026-09-25T07:08:29+00:00</time></trkpt><trkpt lat="25.037087" lon="121.081799"><ele>44.8</ele><time>2026-09-25T07:08:33+00:00</time></trkpt><trkpt lat="25.037208" lon="121.081679"><ele>44.0</ele><time>2026-09-25T07:08:37+00:00</time></trkpt><trkpt lat="25.037301" lon="121.081561"><ele>43.6</ele><time>2026-09-25T07:08:41+00:00</time></trkpt><trkpt lat="25.037366" lon="121.081448"><ele>43.4</ele><time>2026-09-25T07:08:45+00:00</time></trkpt><trkpt lat="25.037378" lon="121.081321"><ele>43.2</ele><time>2026-09-25T07:08:49+00:00</time></trkpt><trkpt lat="25.037338" lon="121.081225"><ele>43.0</ele><time>2026-09-25T07:08:53+00:00</time></trkpt><trkpt lat="25.037292" lon="121.081145"><ele>42.8</ele><time>2026-09-25T07:08:57+00:00</time></trkpt><trkpt lat="25.037228" lon="121.081017"><ele>42.8</ele><time>2026-09-25T07:09:01+00:00</time></trkpt><trkpt lat="25.037149" lon="121.080834"><ele>43.0</ele><time>2026-09-25T07:09:05+00:00</time></trkpt><trkpt lat="25.037055" lon="121.080643"><ele>43.0</ele><time>2026-09-25T07:09:09+00:00</time></trkpt><trkpt lat="25.036959" lon="121.080443"><ele>43.0</ele><time>2026-09-25T07:09:13+00:00</time></trkpt><trkpt lat="25.036871" lon="121.080267"><ele>43.2</ele><time>2026-09-25T07:09:17+00:00</time></trkpt><trkpt lat="25.036780" lon="121.080083"><ele>43.8</ele><time>2026-09-25T07:09:21+00:00</time></trkpt><trkpt lat="25.036675" lon="121.079890"><ele>44.4</ele><time>2026-09-25T07:09:25+00:00</time></trkpt><trkpt lat="25.036567" lon="121.079694"><ele>45.0</ele><time>2026-09-25T07:09:29+00:00</time></trkpt><trkpt lat="25.036467" lon="121.079502"><ele>45.4</ele><time>2026-09-25T07:09:33+00:00</time></trkpt><trkpt lat="25.036376" lon="121.079321"><ele>45.8</ele><time>2026-09-25T07:09:37+00:00</time></trkpt><trkpt lat="25.036297" lon="121.079179"><ele>46.2</ele><time>2026-09-25T07:09:41+00:00</time></trkpt><trkpt lat="25.036148" lon="121.079070"><ele>46.4</ele><time>2026-09-25T07:10:12+00:00</time></trkpt><trkpt lat="25.036003" lon="121.079160"><ele>46.4</ele><time>2026-09-25T07:10:16+00:00</time></trkpt><trkpt lat="25.035881" lon="121.079343"><ele>46.6</ele><time>2026-09-25T07:10:20+00:00</time></trkpt><trkpt lat="25.035751" lon="121.079509"><ele>46.4</ele><time>2026-09-25T07:10:24+00:00</time></trkpt><trkpt lat="25.035640" lon="121.079648"><ele>46.4</ele><time>2026-09-25T07:10:28+00:00</time></trkpt><trkpt lat="25.035532" lon="121.079670"><ele>46.4</ele><time>2026-09-25T07:10:32+00:00</time></trkpt><trkpt lat="25.035422" lon="121.079539"><ele>46.6</ele><time>2026-09-25T07:10:36+00:00</time></trkpt><trkpt lat="25.035298" lon="121.079389"><ele>46.6</ele><time>2026-09-25T07:10:40+00:00</time></trkpt><trkpt lat="25.035161" lon="121.079233"><ele>46.6</ele><time>2026-09-25T07:10:44+00:00</time></trkpt><trkpt lat="25.035013" lon="121.079080"><ele>46.8</ele><time>2026-09-25T07:10:48+00:00</time></trkpt><trkpt lat="25.034863" lon="121.078914"><ele>46.8</ele><time>2026-09-25T07:10:52+00:00</time></trkpt><trkpt lat="25.034713" lon="121.078743"><ele>47.2</ele><time>2026-09-25T07:10:56+00:00</time></trkpt><trkpt lat="25.034559" lon="121.078574"><ele>47.6</ele><time>2026-09-25T07:11:00+00:00</time></trkpt><trkpt lat="25.034403" lon="121.078404"><ele>48.0</ele><time>2026-09-25T07:11:04+00:00</time></trkpt><trkpt lat="25.034254" lon="121.078244"><ele>48.0</ele><time>2026-09-25T07:11:08+00:00</time></trkpt><trkpt lat="25.034108" lon="121.078089"><ele>48.2</ele><time>2026-09-25T07:11:12+00:00</time></trkpt><trkpt lat="25.033963" lon="121.077912"><ele>48.0</ele><time>2026-09-25T07:11:16+00:00</time></trkpt><trkpt lat="25.033825" lon="121.077722"><ele>48.0</ele><time>2026-09-25T07:11:20+00:00</time></trkpt><trkpt lat="25.033668" lon="121.077543"><ele>47.8</ele><time>2026-09-25T07:11:24+00:00</time></trkpt><trkpt lat="25.033505" lon="121.077363"><ele>47.8</ele><time>2026-09-25T07:11:28+00:00</time></trkpt><trkpt lat="25.033355" lon="121.077177"><ele>47.8</ele><time>2026-09-25T07:11:32+00:00</time></trkpt><trkpt lat="25.033209" lon="121.076982"><ele>47.8</ele><time>2026-09-25T07:11:36+00:00</time></trkpt><trkpt lat="25.033044" lon="121.076801"><ele>47.8</ele><time>2026-09-25T07:11:40+00:00</time></trkpt><trkpt lat="25.032880" lon="121.076620"><ele>48.0</ele><time>2026-09-25T07:11:44+00:00</time></trkpt><trkpt lat="25.032730" lon="121.076436"><ele>48.2</ele><time>2026-09-25T07:11:48+00:00</time></trkpt><trkpt lat="25.032583" lon="121.076252"><ele>47.8</ele><time>2026-09-25T07:11:52+00:00</time></trkpt><trkpt lat="25.032440" lon="121.076067"><ele>47.6</ele><time>2026-09-25T07:11:56+00:00</time></trkpt><trkpt lat="25.032301" lon="121.075895"><ele>47.4</ele><time>2026-09-25T07:12:00+00:00</time></trkpt><trkpt lat="25.032181" lon="121.075739"><ele>47.8</ele><time>2026-09-25T07:12:04+00:00</time></trkpt><trkpt lat="25.032088" lon="121.075622"><ele>48.0</ele><time>2026-09-25T07:12:08+00:00</time></trkpt><trkpt lat="25.032038" lon="121.075564"><ele>48.2</ele><time>2026-09-25T07:12:12+00:00</time></trkpt><trkpt lat="25.031917" lon="121.075436"><ele>48.0</ele><time>2026-09-25T07:13:05+00:00</time></trkpt><trkpt lat="25.031779" lon="121.075322"><ele>48.2</ele><time>2026-09-25T07:13:09+00:00</time></trkpt><trkpt lat="25.031624" lon="121.075237"><ele>48.2</ele><time>2026-09-25T07:13:13+00:00</time></trkpt><trkpt lat="25.031459" lon="121.075138"><ele>48.0</ele><time>2026-09-25T07:13:17+00:00</time></trkpt><trkpt lat="25.031290" lon="121.074992"><ele>48.0</ele><time>2026-09-25T07:13:21+00:00</time></trkpt><trkpt lat="25.031122" lon="121.074820"><ele>48.0</ele><time>2026-09-25T07:13:25+00:00</time></trkpt><trkpt lat="25.030944" lon="121.074642"><ele>47.8</ele><time>2026-09-25T07:13:29+00:00</time></trkpt><trkpt lat="25.030758" lon="121.074465"><ele>47.6</ele><time>2026-09-25T07:13:33+00:00</time></trkpt><trkpt lat="25.030559" lon="121.074340"><ele>47.4</ele><time>2026-09-25T07:13:37+00:00</time></trkpt><trkpt lat="25.030362" lon="121.074263"><ele>47.4</ele><time>2026-09-25T07:13:41+00:00</time></trkpt><trkpt lat="25.030180" lon="121.074218"><ele>47.4</ele><time>2026-09-25T07:13:45+00:00</time></trkpt><trkpt lat="25.030061" lon="121.074232"><ele>47.4</ele><time>2026-09-25T07:13:49+00:00</time></trkpt><trkpt lat="25.029961" lon="121.074342"><ele>47.6</ele><time>2026-09-25T07:13:53+00:00</time></trkpt><trkpt lat="25.029832" lon="121.074475"><ele>47.6</ele><time>2026-09-25T07:13:57+00:00</time></trkpt><trkpt lat="25.029680" lon="121.074607"><ele>47.8</ele><time>2026-09-25T07:14:01+00:00</time></trkpt><trkpt lat="25.029526" lon="121.074750"><ele>47.8</ele><time>2026-09-25T07:14:05+00:00</time></trkpt><trkpt lat="25.029372" lon="121.074894"><ele>48.0</ele><time>2026-09-25T07:14:09+00:00</time></trkpt><trkpt lat="25.029219" lon="121.075034"><ele>48.4</ele><time>2026-09-25T07:14:13+00:00</time></trkpt><trkpt lat="25.029068" lon="121.075175"><ele>48.8</ele><time>2026-09-25T07:14:17+00:00</time></trkpt><trkpt lat="25.028919" lon="121.075255"><ele>49.2</ele><time>2026-09-25T07:14:21+00:00</time></trkpt><trkpt lat="25.028730" lon="121.075234"><ele>49.4</ele><time>2026-09-25T07:14:25+00:00</time></trkpt><trkpt lat="25.028520" lon="121.075195"><ele>49.6</ele><time>2026-09-25T07:14:29+00:00</time></trkpt><trkpt lat="25.028310" lon="121.075120"><ele>49.8</ele><time>2026-09-25T07:14:33+00:00</time></trkpt><trkpt lat="25.028104" lon="121.075018"><ele>50.0</ele><time>2026-09-25T07:14:37+00:00</time></trkpt><trkpt lat="25.027892" lon="121.074916"><ele>50.2</ele><time>2026-09-25T07:14:41+00:00</time></trkpt><trkpt lat="25.027673" lon="121.074816"><ele>50.2</ele><time>2026-09-25T07:14:45+00:00</time></trkpt><trkpt lat="25.027450" lon="121.074716"><ele>50.2</ele><time>2026-09-25T07:14:49+00:00</time></trkpt><trkpt lat="25.027227" lon="121.074618"><ele>50.0</ele><time>2026-09-25T07:14:53+00:00</time></trkpt><trkpt lat="25.027007" lon="121.074501"><ele>50.0</ele><time>2026-09-25T07:14:57+00:00</time></trkpt><trkpt lat="25.026783" lon="121.074372"><ele>50.0</ele><time>2026-09-25T07:15:01+00:00</time></trkpt><trkpt lat="25.026541" lon="121.074269"><ele>49.8</ele><time>2026-09-25T07:15:05+00:00</time></trkpt><trkpt lat="25.026284" lon="121.074178"><ele>49.8</ele><time>2026-09-25T07:15:09+00:00</time></trkpt><trkpt lat="25.026028" lon="121.074087"><ele>49.8</ele><time>2026-09-25T07:15:13+00:00</time></trkpt><trkpt lat="25.025778" lon="121.073985"><ele>49.8</ele><time>2026-09-25T07:15:17+00:00</time></trkpt><trkpt lat="25.025532" lon="121.073889"><ele>50.0</ele><time>2026-09-25T07:15:21+00:00</time></trkpt><trkpt lat="25.025285" lon="121.073797"><ele>50.0</ele><time>2026-09-25T07:15:25+00:00</time></trkpt><trkpt lat="25.025041" lon="121.073704"><ele>50.0</ele><time>2026-09-25T07:15:29+00:00</time></trkpt><trkpt lat="25.024800" lon="121.073649"><ele>50.2</ele><time>2026-09-25T07:15:33+00:00</time></trkpt><trkpt lat="25.024567" lon="121.073630"><ele>50.6</ele><time>2026-09-25T07:15:37+00:00</time></trkpt><trkpt lat="25.024338" lon="121.073608"><ele>50.8</ele><time>2026-09-25T07:15:41+00:00</time></trkpt><trkpt lat="25.024105" lon="121.073585"><ele>50.8</ele><time>2026-09-25T07:15:45+00:00</time></trkpt><trkpt lat="25.023872" lon="121.073572"><ele>50.8</ele><time>2026-09-25T07:15:49+00:00</time></trkpt><trkpt lat="25.023644" lon="121.073550"><ele>50.8</ele><time>2026-09-25T07:15:53+00:00</time></trkpt><trkpt lat="25.023416" lon="121.073500"><ele>51.2</ele><time>2026-09-25T07:15:57+00:00</time></trkpt><trkpt lat="25.023214" lon="121.073376"><ele>51.4</ele><time>2026-09-25T07:16:01+00:00</time></trkpt><trkpt lat="25.023029" lon="121.073209"><ele>51.6</ele><time>2026-09-25T07:16:05+00:00</time></trkpt><trkpt lat="25.022842" lon="121.073041"><ele>51.6</ele><time>2026-09-25T07:16:09+00:00</time></trkpt><trkpt lat="25.022654" lon="121.072880"><ele>51.8</ele><time>2026-09-25T07:16:13+00:00</time></trkpt><trkpt lat="25.022465" lon="121.072719"><ele>52.0</ele><time>2026-09-25T07:16:17+00:00</time></trkpt><trkpt lat="25.022287" lon="121.072545"><ele>52.2</ele><time>2026-09-25T07:16:21+00:00</time></trkpt><trkpt lat="25.022102" lon="121.072379"><ele>52.2</ele><time>2026-09-25T07:16:25+00:00</time></trkpt><trkpt lat="25.021912" lon="121.072203"><ele>52.2</ele><time>2026-09-25T07:16:29+00:00</time></trkpt><trkpt lat="25.021715" lon="121.072031"><ele>52.0</ele><time>2026-09-25T07:16:33+00:00</time></trkpt><trkpt lat="25.021523" lon="121.071861"><ele>52.0</ele><time>2026-09-25T07:16:37+00:00</time></trkpt><trkpt lat="25.021331" lon="121.071693"><ele>52.2</ele><time>2026-09-25T07:16:41+00:00</time></trkpt><trkpt lat="25.021136" lon="121.071526"><ele>52.2</ele><time>2026-09-25T07:16:45+00:00</time></trkpt><trkpt lat="25.020943" lon="121.071352"><ele>52.4</ele><time>2026-09-25T07:16:49+00:00</time></trkpt><trkpt lat="25.020747" lon="121.071185"><ele>52.2</ele><time>2026-09-25T07:16:53+00:00</time></trkpt><trkpt lat="25.020571" lon="121.071026"><ele>52.2</ele><time>2026-09-25T07:16:57+00:00</time></trkpt><trkpt lat="25.020424" lon="121.070894"><ele>52.2</ele><time>2026-09-25T07:17:01+00:00</time></trkpt><trkpt lat="25.020284" lon="121.070781"><ele>52.4</ele><time>2026-09-25T07:17:05+00:00</time></trkpt><trkpt lat="25.020135" lon="121.070647"><ele>52.6</ele><time>2026-09-25T07:17:09+00:00</time></trkpt><trkpt lat="25.019977" lon="121.070502"><ele>52.8</ele><time>2026-09-25T07:17:13+00:00</time></trkpt><trkpt lat="25.019784" lon="121.070388"><ele>52.8</ele><time>2026-09-25T07:17:17+00:00</time></trkpt><trkpt lat="25.019558" lon="121.070307"><ele>52.6</ele><time>2026-09-25T07:17:21+00:00</time></trkpt><trkpt lat="25.019308" lon="121.070268"><ele>52.6</ele><time>2026-09-25T07:17:25+00:00</time></trkpt><trkpt lat="25.019065" lon="121.070244"><ele>52.4</ele><time>2026-09-25T07:17:29+00:00</time></trkpt><trkpt lat="25.018832" lon="121.070218"><ele>52.4</ele><time>2026-09-25T07:17:33+00:00</time></trkpt><trkpt lat="25.018601" lon="121.070180"><ele>52.0</ele><time>2026-09-25T07:17:37+00:00</time></trkpt><trkpt lat="25.018369" lon="121.070153"><ele>51.8</ele><time>2026-09-25T07:17:41+00:00</time></trkpt><trkpt lat="25.018145" lon="121.070120"><ele>51.8</ele><time>2026-09-25T07:17:45+00:00</time></trkpt><trkpt lat="25.017950" lon="121.070097"><ele>52.0</ele><time>2026-09-25T07:17:49+00:00</time></trkpt><trkpt lat="25.017757" lon="121.070071"><ele>52.0</ele><time>2026-09-25T07:17:53+00:00</time></trkpt><trkpt lat="25.017590" lon="121.070030"><ele>51.8</ele><time>2026-09-25T07:17:57+00:00</time></trkpt><trkpt lat="25.017580" lon="121.069932"><ele>51.6</ele><time>2026-09-25T07:18:01+00:00</time></trkpt><trkpt lat="25.017670" lon="121.069753"><ele>51.4</ele><time>2026-09-25T07:18:05+00:00</time></trkpt><trkpt lat="25.017762" lon="121.069549"><ele>51.2</ele><time>2026-09-25T07:18:09+00:00</time></trkpt><trkpt lat="25.017738" lon="121.069395"><ele>51.4</ele><time>2026-09-25T07:18:13+00:00</time></trkpt><trkpt lat="25.017614" lon="121.069289"><ele>52.2</ele><time>2026-09-25T07:18:17+00:00</time></trkpt><trkpt lat="25.017487" lon="121.069159"><ele>53.0</ele><time>2026-09-25T07:18:21+00:00</time></trkpt><trkpt lat="25.017353" lon="121.069006"><ele>53.0</ele><time>2026-09-25T07:18:25+00:00</time></trkpt><trkpt lat="25.017221" lon="121.068854"><ele>53.0</ele><time>2026-09-25T07:18:29+00:00</time></trkpt><trkpt lat="25.017073" lon="121.068697"><ele>53.0</ele><time>2026-09-25T07:18:33+00:00</time></trkpt><trkpt lat="25.016901" lon="121.068512"><ele>53.0</ele><time>2026-09-25T07:18:37+00:00</time></trkpt><trkpt lat="25.016722" lon="121.068304"><ele>52.8</ele><time>2026-09-25T07:18:41+00:00</time></trkpt><trkpt lat="25.016543" lon="121.068103"><ele>52.8</ele><time>2026-09-25T07:18:45+00:00</time></trkpt><trkpt lat="25.016323" lon="121.067994"><ele>52.8</ele><time>2026-09-25T07:18:49+00:00</time></trkpt><trkpt lat="25.016094" lon="121.067901"><ele>53.0</ele><time>2026-09-25T07:18:53+00:00</time></trkpt><trkpt lat="25.015909" lon="121.067740"><ele>53.0</ele><time>2026-09-25T07:18:57+00:00</time></trkpt><trkpt lat="25.015762" lon="121.067514"><ele>52.8</ele><time>2026-09-25T07:19:01+00:00</time></trkpt><trkpt lat="25.015593" lon="121.067285"><ele>53.0</ele><time>2026-09-25T07:19:05+00:00</time></trkpt><trkpt lat="25.015422" lon="121.067063"><ele>52.8</ele><time>2026-09-25T07:19:09+00:00</time></trkpt><trkpt lat="25.015245" lon="121.066846"><ele>52.8</ele><time>2026-09-25T07:19:13+00:00</time></trkpt><trkpt lat="25.015064" lon="121.066628"><ele>52.8</ele><time>2026-09-25T07:19:17+00:00</time></trkpt><trkpt lat="25.014894" lon="121.066405"><ele>52.8</ele><time>2026-09-25T07:19:21+00:00</time></trkpt><trkpt lat="25.014727" lon="121.066194"><ele>52.8</ele><time>2026-09-25T07:19:25+00:00</time></trkpt><trkpt lat="25.014564" lon="121.065990"><ele>52.8</ele><time>2026-09-25T07:19:29+00:00</time></trkpt><trkpt lat="25.014401" lon="121.065789"><ele>53.0</ele><time>2026-09-25T07:19:33+00:00</time></trkpt><trkpt lat="25.014236" lon="121.065590"><ele>53.2</ele><time>2026-09-25T07:19:37+00:00</time></trkpt><trkpt lat="25.014058" lon="121.065391"><ele>53.2</ele><time>2026-09-25T07:19:41+00:00</time></trkpt><trkpt lat="25.013875" lon="121.065187"><ele>53.0</ele><time>2026-09-25T07:19:45+00:00</time></trkpt><trkpt lat="25.013687" lon="121.064977"><ele>53.0</ele><time>2026-09-25T07:19:49+00:00</time></trkpt><trkpt lat="25.013499" lon="121.064766"><ele>52.8</ele><time>2026-09-25T07:19:53+00:00</time></trkpt><trkpt lat="25.013327" lon="121.064561"><ele>52.8</ele><time>2026-09-25T07:19:57+00:00</time></trkpt><trkpt lat="25.013221" lon="121.064404"><ele>52.8</ele><time>2026-09-25T07:20:01+00:00</time></trkpt><trkpt lat="25.013314" lon="121.064222"><ele>52.4</ele><time>2026-09-25T07:20:05+00:00</time></trkpt><trkpt lat="25.013427" lon="121.064028"><ele>52.4</ele><time>2026-09-25T07:20:09+00:00</time></trkpt><trkpt lat="25.013518" lon="121.063833"><ele>52.2</ele><time>2026-09-25T07:20:13+00:00</time></trkpt><trkpt lat="25.013628" lon="121.063621"><ele>51.8</ele><time>2026-09-25T07:20:17+00:00</time></trkpt><trkpt lat="25.013754" lon="121.063394"><ele>51.4</ele><time>2026-09-25T07:20:21+00:00</time></trkpt><trkpt lat="25.013881" lon="121.063155"><ele>51.2</ele><time>2026-09-25T07:20:25+00:00</time></trkpt><trkpt lat="25.013986" lon="121.062898"><ele>51.0</ele><time>2026-09-25T07:20:29+00:00</time></trkpt><trkpt lat="25.014054" lon="121.062628"><ele>51.0</ele><time>2026-09-25T07:20:33+00:00</time></trkpt><trkpt lat="25.013925" lon="121.062343"><ele>50.4</ele><time>2026-09-25T07:23:40+00:00</time></trkpt><trkpt lat="25.013815" lon="121.062235"><ele>50.6</ele><time>2026-09-25T07:23:44+00:00</time></trkpt><trkpt lat="25.013686" lon="121.062099"><ele>50.6</ele><time>2026-09-25T07:23:48+00:00</time></trkpt><trkpt lat="25.013548" lon="121.061947"><ele>50.4</ele><time>2026-09-25T07:23:52+00:00</time></trkpt><trkpt lat="25.013398" lon="121.061785"><ele>50.6</ele><time>2026-09-25T07:23:56+00:00</time></trkpt><trkpt lat="25.013245" lon="121.061608"><ele>50.6</ele><time>2026-09-25T07:24:00+00:00</time></trkpt><trkpt lat="25.013079" lon="121.061424"><ele>50.6</ele><time>2026-09-25T07:24:04+00:00</time></trkpt><trkpt lat="25.012913" lon="121.061233"><ele>50.8</ele><time>2026-09-25T07:24:08+00:00</time></trkpt><trkpt lat="25.012735" lon="121.061037"><ele>50.8</ele><time>2026-09-25T07:24:12+00:00</time></trkpt><trkpt lat="25.012556" lon="121.060832"><ele>50.6</ele><time>2026-09-25T07:24:16+00:00</time></trkpt><trkpt lat="25.012377" lon="121.060629"><ele>50.4</ele><time>2026-09-25T07:24:20+00:00</time></trkpt><trkpt lat="25.012186" lon="121.060428"><ele>50.2</ele><time>2026-09-25T07:24:24+00:00</time></trkpt><trkpt lat="25.012003" lon="121.060251"><ele>50.0</ele><time>2026-09-25T07:24:28+00:00</time></trkpt><trkpt lat="25.011806" lon="121.060080"><ele>49.2</ele><time>2026-09-25T07:24:32+00:00</time></trkpt><trkpt lat="25.011595" lon="121.059938"><ele>48.6</ele><time>2026-09-25T07:24:36+00:00</time></trkpt><trkpt lat="25.011365" lon="121.059904"><ele>48.4</ele><time>2026-09-25T07:24:40+00:00</time></trkpt><trkpt lat="25.011127" lon="121.059855"><ele>48.2</ele><time>2026-09-25T07:24:44+00:00</time></trkpt><trkpt lat="25.010941" lon="121.059719"><ele>48.2</ele><time>2026-09-25T07:24:48+00:00</time></trkpt><trkpt lat="25.010820" lon="121.059508"><ele>48.0</ele><time>2026-09-25T07:24:52+00:00</time></trkpt><trkpt lat="25.010670" lon="121.059299"><ele>48.0</ele><time>2026-09-25T07:24:56+00:00</time></trkpt><trkpt lat="25.010451" lon="121.059184"><ele>48.2</ele><time>2026-09-25T07:25:00+00:00</time></trkpt><trkpt lat="25.010254" lon="121.059056"><ele>48.6</ele><time>2026-09-25T07:25:04+00:00</time></trkpt><trkpt lat="25.010094" lon="121.058878"><ele>48.8</ele><time>2026-09-25T07:25:08+00:00</time></trkpt><trkpt lat="25.009929" lon="121.058722"><ele>49.0</ele><time>2026-09-25T07:25:12+00:00</time></trkpt><trkpt lat="25.009757" lon="121.058595"><ele>49.2</ele><time>2026-09-25T07:25:16+00:00</time></trkpt><trkpt lat="25.009569" lon="121.058488"><ele>49.6</ele><time>2026-09-25T07:25:20+00:00</time></trkpt><trkpt lat="25.009427" lon="121.058354"><ele>50.4</ele><time>2026-09-25T07:25:24+00:00</time></trkpt><trkpt lat="25.009293" lon="121.058214"><ele>51.2</ele><time>2026-09-25T07:25:28+00:00</time></trkpt><trkpt lat="25.009161" lon="121.058077"><ele>51.6</ele><time>2026-09-25T07:25:32+00:00</time></trkpt><trkpt lat="25.009020" lon="121.057942"><ele>51.8</ele><time>2026-09-25T07:25:36+00:00</time></trkpt><trkpt lat="25.008879" lon="121.057803"><ele>52.0</ele><time>2026-09-25T07:25:40+00:00</time></trkpt><trkpt lat="25.008740" lon="121.057660"><ele>52.2</ele><time>2026-09-25T07:25:44+00:00</time></trkpt><trkpt lat="25.008594" lon="121.057513"><ele>52.2</ele><time>2026-09-25T07:25:48+00:00</time></trkpt><trkpt lat="25.008436" lon="121.057358"><ele>52.2</ele><time>2026-09-25T07:25:52+00:00</time></trkpt><trkpt lat="25.008268" lon="121.057191"><ele>52.2</ele><time>2026-09-25T07:25:56+00:00</time></trkpt><trkpt lat="25.008099" lon="121.057010"><ele>52.4</ele><time>2026-09-25T07:26:00+00:00</time></trkpt><trkpt lat="25.007921" lon="121.056832"><ele>52.6</ele><time>2026-09-25T07:26:04+00:00</time></trkpt><trkpt lat="25.007744" lon="121.056652"><ele>52.6</ele><time>2026-09-25T07:26:08+00:00</time></trkpt><trkpt lat="25.007560" lon="121.056469"><ele>52.6</ele><time>2026-09-25T07:26:12+00:00</time></trkpt><trkpt lat="25.007377" lon="121.056274"><ele>52.6</ele><time>2026-09-25T07:26:16+00:00</time></trkpt><trkpt lat="25.007185" lon="121.056083"><ele>52.6</ele><time>2026-09-25T07:26:20+00:00</time></trkpt><trkpt lat="25.006998" lon="121.055900"><ele>52.6</ele><time>2026-09-25T07:26:24+00:00</time></trkpt><trkpt lat="25.006818" lon="121.055715"><ele>52.6</ele><time>2026-09-25T07:26:28+00:00</time></trkpt><trkpt lat="25.006639" lon="121.055520"><ele>52.6</ele><time>2026-09-25T07:26:32+00:00</time></trkpt><trkpt lat="25.006469" lon="121.055335"><ele>52.6</ele><time>2026-09-25T07:26:36+00:00</time></trkpt><trkpt lat="25.006293" lon="121.055164"><ele>52.4</ele><time>2026-09-25T07:26:40+00:00</time></trkpt><trkpt lat="25.006097" lon="121.054986"><ele>52.4</ele><time>2026-09-25T07:26:44+00:00</time></trkpt><trkpt lat="25.005871" lon="121.054835"><ele>52.4</ele><time>2026-09-25T07:26:48+00:00</time></trkpt><trkpt lat="25.005644" lon="121.054688"><ele>52.2</ele><time>2026-09-25T07:26:52+00:00</time></trkpt><trkpt lat="25.005426" lon="121.054540"><ele>52.0</ele><time>2026-09-25T07:26:56+00:00</time></trkpt><trkpt lat="25.005211" lon="121.054388"><ele>52.2</ele><time>2026-09-25T07:27:00+00:00</time></trkpt><trkpt lat="25.004988" lon="121.054233"><ele>52.2</ele><time>2026-09-25T07:27:04+00:00</time></trkpt><trkpt lat="25.004764" lon="121.054096"><ele>52.2</ele><time>2026-09-25T07:27:08+00:00</time></trkpt><trkpt lat="25.004544" lon="121.053974"><ele>52.2</ele><time>2026-09-25T07:27:12+00:00</time></trkpt><trkpt lat="25.004321" lon="121.053849"><ele>52.2</ele><time>2026-09-25T07:27:16+00:00</time></trkpt><trkpt lat="25.004100" lon="121.053724"><ele>52.2</ele><time>2026-09-25T07:27:20+00:00</time></trkpt><trkpt lat="25.003884" lon="121.053596"><ele>52.2</ele><time>2026-09-25T07:27:24+00:00</time></trkpt><trkpt lat="25.003661" lon="121.053451"><ele>52.2</ele><time>2026-09-25T07:27:28+00:00</time></trkpt><trkpt lat="25.003425" lon="121.053307"><ele>52.0</ele><time>2026-09-25T07:27:32+00:00</time></trkpt><trkpt lat="25.003201" lon="121.053166"><ele>52.0</ele><time>2026-09-25T07:27:36+00:00</time></trkpt><trkpt lat="25.003002" lon="121.053032"><ele>52.0</ele><time>2026-09-25T07:27:40+00:00</time></trkpt><trkpt lat="25.002820" lon="121.052949"><ele>52.2</ele><time>2026-09-25T07:27:44+00:00</time></trkpt><trkpt lat="25.002638" lon="121.052889"><ele>52.2</ele><time>2026-09-25T07:27:48+00:00</time></trkpt><trkpt lat="25.002456" lon="121.052838"><ele>52.4</ele><time>2026-09-25T07:27:52+00:00</time></trkpt><trkpt lat="25.002304" lon="121.052787"><ele>52.8</ele><time>2026-09-25T07:27:56+00:00</time></trkpt><trkpt lat="25.002139" lon="121.052737"><ele>53.0</ele><time>2026-09-25T07:28:00+00:00</time></trkpt><trkpt lat="25.001954" lon="121.052689"><ele>53.0</ele><time>2026-09-25T07:28:04+00:00</time></trkpt><trkpt lat="25.001760" lon="121.052628"><ele>53.2</ele><time>2026-09-25T07:28:08+00:00</time></trkpt><trkpt lat="25.001562" lon="121.052567"><ele>53.4</ele><time>2026-09-25T07:28:12+00:00</time></trkpt><trkpt lat="25.001364" lon="121.052505"><ele>53.8</ele><time>2026-09-25T07:28:16+00:00</time></trkpt><trkpt lat="25.001158" lon="121.052441"><ele>54.2</ele><time>2026-09-25T07:28:20+00:00</time></trkpt><trkpt lat="25.000947" lon="121.052379"><ele>54.6</ele><time>2026-09-25T07:28:24+00:00</time></trkpt><trkpt lat="25.000738" lon="121.052320"><ele>55.0</ele><time>2026-09-25T07:28:28+00:00</time></trkpt><trkpt lat="25.000538" lon="121.052252"><ele>55.4</ele><time>2026-09-25T07:28:32+00:00</time></trkpt><trkpt lat="25.000338" lon="121.052191"><ele>55.8</ele><time>2026-09-25T07:28:36+00:00</time></trkpt><trkpt lat="25.000124" lon="121.052128"><ele>56.0</ele><time>2026-09-25T07:28:40+00:00</time></trkpt><trkpt lat="24.999896" lon="121.052038"><ele>56.0</ele><time>2026-09-25T07:28:44+00:00</time></trkpt><trkpt lat="24.999671" lon="121.051916"><ele>56.2</ele><time>2026-09-25T07:28:48+00:00</time></trkpt><trkpt lat="24.999446" lon="121.051801"><ele>56.4</ele><time>2026-09-25T07:28:52+00:00</time></trkpt><trkpt lat="24.999219" lon="121.051689"><ele>56.4</ele><time>2026-09-25T07:28:56+00:00</time></trkpt><trkpt lat="24.998996" lon="121.051572"><ele>56.6</ele><time>2026-09-25T07:29:00+00:00</time></trkpt><trkpt lat="24.998795" lon="121.051419"><ele>56.6</ele><time>2026-09-25T07:29:04+00:00</time></trkpt><trkpt lat="24.998625" lon="121.051208"><ele>56.6</ele><time>2026-09-25T07:29:08+00:00</time></trkpt><trkpt lat="24.998455" lon="121.050989"><ele>56.4</ele><time>2026-09-25T07:29:12+00:00</time></trkpt><trkpt lat="24.998254" lon="121.050805"><ele>56.4</ele><time>2026-09-25T07:29:16+00:00</time></trkpt><trkpt lat="24.998029" lon="121.050652"><ele>56.2</ele><time>2026-09-25T07:29:20+00:00</time></trkpt><trkpt lat="24.997798" lon="121.050519"><ele>56.2</ele><time>2026-09-25T07:29:24+00:00</time></trkpt><trkpt lat="24.997568" lon="121.050393"><ele>56.2</ele><time>2026-09-25T07:29:28+00:00</time></trkpt><trkpt lat="24.997337" lon="121.050270"><ele>56.2</ele><time>2026-09-25T07:29:32+00:00</time></trkpt><trkpt lat="24.997107" lon="121.050151"><ele>56.2</ele><time>2026-09-25T07:29:36+00:00</time></trkpt><trkpt lat="24.996870" lon="121.050044"><ele>56.2</ele><time>2026-09-25T07:29:40+00:00</time></trkpt><trkpt lat="24.996630" lon="121.049940"><ele>56.4</ele><time>2026-09-25T07:29:44+00:00</time></trkpt><trkpt lat="24.996391" lon="121.049842"><ele>56.4</ele><time>2026-09-25T07:29:48+00:00</time></trkpt><trkpt lat="24.996151" lon="121.049748"><ele>56.6</ele><time>2026-09-25T07:29:52+00:00</time></trkpt><trkpt lat="24.995922" lon="121.049617"><ele>56.6</ele><time>2026-09-25T07:29:56+00:00</time></trkpt><trkpt lat="24.995695" lon="121.049471"><ele>56.6</ele><time>2026-09-25T07:30:00+00:00</time></trkpt><trkpt lat="24.995466" lon="121.049333"><ele>56.6</ele><time>2026-09-25T07:30:04+00:00</time></trkpt><trkpt lat="24.995235" lon="121.049201"><ele>56.6</ele><time>2026-09-25T07:30:08+00:00</time></trkpt><trkpt lat="24.995002" lon="121.049074"><ele>56.6</ele><time>2026-09-25T07:30:12+00:00</time></trkpt><trkpt lat="24.994767" lon="121.048939"><ele>56.4</ele><time>2026-09-25T07:30:16+00:00</time></trkpt><trkpt lat="24.994521" lon="121.048808"><ele>56.2</ele><time>2026-09-25T07:30:20+00:00</time></trkpt><trkpt lat="24.994267" lon="121.048682"><ele>56.2</ele><time>2026-09-25T07:30:24+00:00</time></trkpt><trkpt lat="24.994008" lon="121.048553"><ele>56.0</ele><time>2026-09-25T07:30:28+00:00</time></trkpt><trkpt lat="24.993747" lon="121.048418"><ele>55.8</ele><time>2026-09-25T07:30:32+00:00</time></trkpt><trkpt lat="24.993482" lon="121.048281"><ele>55.4</ele><time>2026-09-25T07:30:36+00:00</time></trkpt><trkpt lat="24.993220" lon="121.048134"><ele>55.2</ele><time>2026-09-25T07:30:40+00:00</time></trkpt><trkpt lat="24.992972" lon="121.047986"><ele>54.8</ele><time>2026-09-25T07:30:44+00:00</time></trkpt><trkpt lat="24.992727" lon="121.047874"><ele>54.2</ele><time>2026-09-25T07:30:48+00:00</time></trkpt><trkpt lat="24.992470" lon="121.047768"><ele>53.6</ele><time>2026-09-25T07:30:52+00:00</time></trkpt><trkpt lat="24.992213" lon="121.047667"><ele>53.4</ele><time>2026-09-25T07:30:56+00:00</time></trkpt><trkpt lat="24.991955" lon="121.047569"><ele>53.2</ele><time>2026-09-25T07:31:00+00:00</time></trkpt><trkpt lat="24.991698" lon="121.047470"><ele>53.0</ele><time>2026-09-25T07:31:04+00:00</time></trkpt><trkpt lat="24.991444" lon="121.047375"><ele>53.2</ele><time>2026-09-25T07:31:08+00:00</time></trkpt><trkpt lat="24.991199" lon="121.047284"><ele>53.8</ele><time>2026-09-25T07:31:12+00:00</time></trkpt><trkpt lat="24.990956" lon="121.047190"><ele>54.6</ele><time>2026-09-25T07:31:16+00:00</time></trkpt><trkpt lat="24.990708" lon="121.047099"><ele>55.2</ele><time>2026-09-25T07:31:20+00:00</time></trkpt><trkpt lat="24.990477" lon="121.047006"><ele>55.8</ele><time>2026-09-25T07:31:24+00:00</time></trkpt><trkpt lat="24.990252" lon="121.046925"><ele>56.2</ele><time>2026-09-25T07:31:28+00:00</time></trkpt><trkpt lat="24.990037" lon="121.046838"><ele>56.8</ele><time>2026-09-25T07:31:32+00:00</time></trkpt><trkpt lat="24.989825" lon="121.046758"><ele>57.2</ele><time>2026-09-25T07:31:36+00:00</time></trkpt><trkpt lat="24.989609" lon="121.046662"><ele>57.4</ele><time>2026-09-25T07:31:40+00:00</time></trkpt><trkpt lat="24.989390" lon="121.046555"><ele>57.6</ele><time>2026-09-25T07:31:44+00:00</time></trkpt><trkpt lat="24.989170" lon="121.046457"><ele>57.8</ele><time>2026-09-25T07:31:48+00:00</time></trkpt><trkpt lat="24.988955" lon="121.046347"><ele>57.8</ele><time>2026-09-25T07:31:52+00:00</time></trkpt><trkpt lat="24.988745" lon="121.046240"><ele>57.6</ele><time>2026-09-25T07:31:56+00:00</time></trkpt><trkpt lat="24.988549" lon="121.046132"><ele>57.4</ele><time>2026-09-25T07:32:00+00:00</time></trkpt><trkpt lat="24.988323" lon="121.046040"><ele>57.4</ele><time>2026-09-25T07:32:04+00:00</time></trkpt><trkpt lat="24.988076" lon="121.045946"><ele>57.2</ele><time>2026-09-25T07:32:08+00:00</time></trkpt><trkpt lat="24.987837" lon="121.045844"><ele>57.4</ele><time>2026-09-25T07:32:12+00:00</time></trkpt><trkpt lat="24.987614" lon="121.045775"><ele>57.4</ele><time>2026-09-25T07:32:16+00:00</time></trkpt><trkpt lat="24.987440" lon="121.045747"><ele>57.4</ele><time>2026-09-25T07:32:20+00:00</time></trkpt><trkpt lat="24.987333" lon="121.045739"><ele>57.4</ele><time>2026-09-25T07:32:24+00:00</time></trkpt><trkpt lat="24.987136" lon="121.045898"><ele>57.4</ele><time>2026-09-25T07:32:46+00:00</time></trkpt><trkpt lat="24.987104" lon="121.046102"><ele>57.6</ele><time>2026-09-25T07:32:50+00:00</time></trkpt><trkpt lat="24.987071" lon="121.046318"><ele>57.6</ele><time>2026-09-25T07:32:54+00:00</time></trkpt><trkpt lat="24.987026" lon="121.046539"><ele>57.8</ele><time>2026-09-25T07:32:58+00:00</time></trkpt><trkpt lat="24.986979" lon="121.046745"><ele>58.4</ele><time>2026-09-25T07:33:02+00:00</time></trkpt><trkpt lat="24.986907" lon="121.046865"><ele>58.4</ele><time>2026-09-25T07:33:06+00:00</time></trkpt><trkpt lat="24.986780" lon="121.046814"><ele>58.2</ele><time>2026-09-25T07:33:10+00:00</time></trkpt><trkpt lat="24.986663" lon="121.046676"><ele>58.2</ele><time>2026-09-25T07:33:14+00:00</time></trkpt><trkpt lat="24.986552" lon="121.046546"><ele>58.0</ele><time>2026-09-25T07:33:18+00:00</time></trkpt><trkpt lat="24.986354" lon="121.046518"><ele>58.0</ele><time>2026-09-25T07:33:22+00:00</time></trkpt><trkpt lat="24.986124" lon="121.046545"><ele>57.8</ele><time>2026-09-25T07:33:26+00:00</time></trkpt><trkpt lat="24.985926" lon="121.046488"><ele>57.4</ele><time>2026-09-25T07:33:30+00:00</time></trkpt><trkpt lat="24.985751" lon="121.046525"><ele>57.0</ele><time>2026-09-25T07:33:34+00:00</time></trkpt><trkpt lat="24.985590" lon="121.046558"><ele>56.2</ele><time>2026-09-25T07:33:38+00:00</time></trkpt><trkpt lat="24.985435" lon="121.046405"><ele>55.4</ele><time>2026-09-25T07:33:42+00:00</time></trkpt><trkpt lat="24.985290" lon="121.046207"><ele>54.8</ele><time>2026-09-25T07:33:46+00:00</time></trkpt><trkpt lat="24.985146" lon="121.045984"><ele>54.8</ele><time>2026-09-25T07:33:50+00:00</time></trkpt><trkpt lat="24.985002" lon="121.045755"><ele>54.6</ele><time>2026-09-25T07:33:54+00:00</time></trkpt><trkpt lat="24.984832" lon="121.045551"><ele>54.4</ele><time>2026-09-25T07:33:58+00:00</time></trkpt><trkpt lat="24.984642" lon="121.045358"><ele>54.4</ele><time>2026-09-25T07:34:02+00:00</time></trkpt><trkpt lat="24.984445" lon="121.045220"><ele>54.2</ele><time>2026-09-25T07:34:06+00:00</time></trkpt><trkpt lat="24.984220" lon="121.045266"><ele>54.2</ele><time>2026-09-25T07:34:10+00:00</time></trkpt><trkpt lat="24.983993" lon="121.045341"><ele>54.4</ele><time>2026-09-25T07:34:14+00:00</time></trkpt><trkpt lat="24.983765" lon="121.045341"><ele>54.6</ele><time>2026-09-25T07:34:18+00:00</time></trkpt><trkpt lat="24.983526" lon="121.045296"><ele>54.8</ele><time>2026-09-25T07:34:22+00:00</time></trkpt><trkpt lat="24.983278" lon="121.045285"><ele>54.8</ele><time>2026-09-25T07:34:26+00:00</time></trkpt><trkpt lat="24.983032" lon="121.045280"><ele>54.8</ele><time>2026-09-25T07:34:30+00:00</time></trkpt><trkpt lat="24.982806" lon="121.045325"><ele>54.6</ele><time>2026-09-25T07:34:34+00:00</time></trkpt><trkpt lat="24.982598" lon="121.045432"><ele>54.4</ele><time>2026-09-25T07:34:38+00:00</time></trkpt><trkpt lat="24.982394" lon="121.045539"><ele>54.4</ele><time>2026-09-25T07:34:42+00:00</time></trkpt><trkpt lat="24.982205" lon="121.045549"><ele>54.2</ele><time>2026-09-25T07:34:46+00:00</time></trkpt><trkpt lat="24.982013" lon="121.045436"><ele>54.2</ele><time>2026-09-25T07:34:50+00:00</time></trkpt><trkpt lat="24.981800" lon="121.045311"><ele>54.0</ele><time>2026-09-25T07:34:54+00:00</time></trkpt><trkpt lat="24.981571" lon="121.045193"><ele>53.8</ele><time>2026-09-25T07:34:58+00:00</time></trkpt><trkpt lat="24.981333" lon="121.045077"><ele>53.6</ele><time>2026-09-25T07:35:02+00:00</time></trkpt><trkpt lat="24.981086" lon="121.045003"><ele>53.6</ele><time>2026-09-25T07:35:06+00:00</time></trkpt><trkpt lat="24.980839" lon="121.045090"><ele>53.6</ele><time>2026-09-25T07:35:10+00:00</time></trkpt><trkpt lat="24.980604" lon="121.045238"><ele>53.6</ele><time>2026-09-25T07:35:14+00:00</time></trkpt><trkpt lat="24.980374" lon="121.045337"><ele>53.8</ele><time>2026-09-25T07:35:18+00:00</time></trkpt><trkpt lat="24.980144" lon="121.045373"><ele>54.2</ele><time>2026-09-25T07:35:22+00:00</time></trkpt><trkpt lat="24.979909" lon="121.045382"><ele>54.4</ele><time>2026-09-25T07:35:26+00:00</time></trkpt><trkpt lat="24.979670" lon="121.045381"><ele>54.6</ele><time>2026-09-25T07:35:30+00:00</time></trkpt><trkpt lat="24.979434" lon="121.045349"><ele>55.0</ele><time>2026-09-25T07:35:34+00:00</time></trkpt><trkpt lat="24.979196" lon="121.045296"><ele>55.8</ele><time>2026-09-25T07:35:38+00:00</time></trkpt><trkpt lat="24.978958" lon="121.045263"><ele>56.6</ele><time>2026-09-25T07:35:42+00:00</time></trkpt><trkpt lat="24.978719" lon="121.045256"><ele>57.0</ele><time>2026-09-25T07:35:46+00:00</time></trkpt><trkpt lat="24.978476" lon="121.045255"><ele>57.2</ele><time>2026-09-25T07:35:50+00:00</time></trkpt><trkpt lat="24.978233" lon="121.045251"><ele>57.2</ele><time>2026-09-25T07:35:54+00:00</time></trkpt><trkpt lat="24.977985" lon="121.045250"><ele>57.2</ele><time>2026-09-25T07:35:58+00:00</time></trkpt><trkpt lat="24.977734" lon="121.045254"><ele>56.8</ele><time>2026-09-25T07:36:02+00:00</time></trkpt><trkpt lat="24.977465" lon="121.045266"><ele>56.4</ele><time>2026-09-25T07:36:06+00:00</time></trkpt><trkpt lat="24.977171" lon="121.045272"><ele>55.6</ele><time>2026-09-25T07:36:10+00:00</time></trkpt><trkpt lat="24.976882" lon="121.045301"><ele>54.8</ele><time>2026-09-25T07:36:14+00:00</time></trkpt><trkpt lat="24.976617" lon="121.045342"><ele>54.6</ele><time>2026-09-25T07:36:18+00:00</time></trkpt><trkpt lat="24.976355" lon="121.045371"><ele>54.8</ele><time>2026-09-25T07:36:22+00:00</time></trkpt><trkpt lat="24.976096" lon="121.045403"><ele>55.2</ele><time>2026-09-25T07:36:26+00:00</time></trkpt><trkpt lat="24.975845" lon="121.045463"><ele>55.6</ele><time>2026-09-25T07:36:30+00:00</time></trkpt><trkpt lat="24.975620" lon="121.045597"><ele>56.2</ele><time>2026-09-25T07:36:34+00:00</time></trkpt><trkpt lat="24.975441" lon="121.045778"><ele>56.6</ele><time>2026-09-25T07:36:38+00:00</time></trkpt><trkpt lat="24.975287" lon="121.045970"><ele>57.4</ele><time>2026-09-25T07:36:42+00:00</time></trkpt><trkpt lat="24.975147" lon="121.046151"><ele>58.2</ele><time>2026-09-25T07:36:46+00:00</time></trkpt><trkpt lat="24.974995" lon="121.046294"><ele>58.8</ele><time>2026-09-25T07:36:50+00:00</time></trkpt><trkpt lat="24.974796" lon="121.046292"><ele>59.0</ele><time>2026-09-25T07:36:54+00:00</time></trkpt><trkpt lat="24.974590" lon="121.046285"><ele>59.4</ele><time>2026-09-25T07:36:58+00:00</time></trkpt><trkpt lat="24.974391" lon="121.046246"><ele>59.8</ele><time>2026-09-25T07:37:02+00:00</time></trkpt><trkpt lat="24.974180" lon="121.046181"><ele>59.8</ele><time>2026-09-25T07:37:06+00:00</time></trkpt><trkpt lat="24.973974" lon="121.046136"><ele>60.0</ele><time>2026-09-25T07:37:10+00:00</time></trkpt><trkpt lat="24.973767" lon="121.046180"><ele>60.0</ele><time>2026-09-25T07:37:14+00:00</time></trkpt><trkpt lat="24.973587" lon="121.046282"><ele>60.2</ele><time>2026-09-25T07:37:18+00:00</time></trkpt><trkpt lat="24.973458" lon="121.046196"><ele>60.4</ele><time>2026-09-25T07:37:22+00:00</time></trkpt><trkpt lat="24.973318" lon="121.046051"><ele>61.0</ele><time>2026-09-25T07:37:26+00:00</time></trkpt><trkpt lat="24.973169" lon="121.045904"><ele>61.4</ele><time>2026-09-25T07:37:30+00:00</time></trkpt><trkpt lat="24.973027" lon="121.045741"><ele>62.0</ele><time>2026-09-25T07:37:34+00:00</time></trkpt><trkpt lat="24.972892" lon="121.045578"><ele>62.4</ele><time>2026-09-25T07:37:38+00:00</time></trkpt><trkpt lat="24.972737" lon="121.045446"><ele>62.6</ele><time>2026-09-25T07:37:42+00:00</time></trkpt><trkpt lat="24.972556" lon="121.045384"><ele>63.0</ele><time>2026-09-25T07:37:46+00:00</time></trkpt><trkpt lat="24.972372" lon="121.045339"><ele>63.8</ele><time>2026-09-25T07:37:50+00:00</time></trkpt><trkpt lat="24.972225" lon="121.045207"><ele>64.8</ele><time>2026-09-25T07:37:54+00:00</time></trkpt><trkpt lat="24.972056" lon="121.045057"><ele>65.6</ele><time>2026-09-25T07:37:58+00:00</time></trkpt><trkpt lat="24.971876" lon="121.044915"><ele>66.2</ele><time>2026-09-25T07:38:02+00:00</time></trkpt><trkpt lat="24.971697" lon="121.044781"><ele>66.8</ele><time>2026-09-25T07:38:06+00:00</time></trkpt><trkpt lat="24.971526" lon="121.044641"><ele>67.4</ele><time>2026-09-25T07:38:10+00:00</time></trkpt><trkpt lat="24.971343" lon="121.044508"><ele>68.0</ele><time>2026-09-25T07:38:14+00:00</time></trkpt><trkpt lat="24.971148" lon="121.044375"><ele>68.4</ele><time>2026-09-25T07:38:18+00:00</time></trkpt><trkpt lat="24.970942" lon="121.044260"><ele>68.8</ele><time>2026-09-25T07:38:22+00:00</time></trkpt><trkpt lat="24.970738" lon="121.044119"><ele>69.0</ele><time>2026-09-25T07:38:26+00:00</time></trkpt><trkpt lat="24.970517" lon="121.043969"><ele>68.8</ele><time>2026-09-25T07:38:30+00:00</time></trkpt><trkpt lat="24.970294" lon="121.043820"><ele>68.6</ele><time>2026-09-25T07:38:34+00:00</time></trkpt><trkpt lat="24.970076" lon="121.043668"><ele>68.4</ele><time>2026-09-25T07:38:38+00:00</time></trkpt><trkpt lat="24.969857" lon="121.043514"><ele>68.6</ele><time>2026-09-25T07:38:42+00:00</time></trkpt><trkpt lat="24.969643" lon="121.043359"><ele>68.8</ele><time>2026-09-25T07:38:46+00:00</time></trkpt><trkpt lat="24.969430" lon="121.043200"><ele>68.8</ele><time>2026-09-25T07:38:50+00:00</time></trkpt><trkpt lat="24.969221" lon="121.043049"><ele>68.8</ele><time>2026-09-25T07:38:54+00:00</time></trkpt><trkpt lat="24.969011" lon="121.042904"><ele>68.8</ele><time>2026-09-25T07:38:58+00:00</time></trkpt><trkpt lat="24.968795" lon="121.042752"><ele>68.6</ele><time>2026-09-25T07:39:02+00:00</time></trkpt><trkpt lat="24.968585" lon="121.042600"><ele>68.6</ele><time>2026-09-25T07:39:06+00:00</time></trkpt><trkpt lat="24.968426" lon="121.042413"><ele>68.6</ele><time>2026-09-25T07:39:10+00:00</time></trkpt><trkpt lat="24.968264" lon="121.042238"><ele>68.6</ele><time>2026-09-25T07:39:14+00:00</time></trkpt><trkpt lat="24.968063" lon="121.042092"><ele>68.6</ele><time>2026-09-25T07:39:18+00:00</time></trkpt><trkpt lat="24.967850" lon="121.041949"><ele>68.6</ele><time>2026-09-25T07:39:22+00:00</time></trkpt><trkpt lat="24.967633" lon="121.041798"><ele>68.8</ele><time>2026-09-25T07:39:26+00:00</time></trkpt><trkpt lat="24.967417" lon="121.041653"><ele>69.0</ele><time>2026-09-25T07:39:30+00:00</time></trkpt><trkpt lat="24.967210" lon="121.041502"><ele>69.0</ele><time>2026-09-25T07:39:34+00:00</time></trkpt><trkpt lat="24.967062" lon="121.041369"><ele>68.8</ele><time>2026-09-25T07:39:38+00:00</time></trkpt><trkpt lat="24.966946" lon="121.041399"><ele>68.8</ele><time>2026-09-25T07:39:42+00:00</time></trkpt><trkpt lat="24.966825" lon="121.041604"><ele>69.2</ele><time>2026-09-25T07:39:46+00:00</time></trkpt><trkpt lat="24.966695" lon="121.041828"><ele>69.2</ele><time>2026-09-25T07:39:50+00:00</time></trkpt><trkpt lat="24.966561" lon="121.042032"><ele>69.0</ele><time>2026-09-25T07:39:54+00:00</time></trkpt><trkpt lat="24.966424" lon="121.042248"><ele>69.0</ele><time>2026-09-25T07:39:58+00:00</time></trkpt><trkpt lat="24.966291" lon="121.042465"><ele>69.0</ele><time>2026-09-25T07:40:02+00:00</time></trkpt><trkpt lat="24.966162" lon="121.042681"><ele>69.0</ele><time>2026-09-25T07:40:06+00:00</time></trkpt><trkpt lat="24.966047" lon="121.042903"><ele>69.0</ele><time>2026-09-25T07:40:10+00:00</time></trkpt><trkpt lat="24.965909" lon="121.043107"><ele>69.0</ele><time>2026-09-25T07:40:14+00:00</time></trkpt><trkpt lat="24.965769" lon="121.043312"><ele>69.0</ele><time>2026-09-25T07:40:18+00:00</time></trkpt><trkpt lat="24.965625" lon="121.043541"><ele>68.6</ele><time>2026-09-25T07:40:22+00:00</time></trkpt><trkpt lat="24.965475" lon="121.043776"><ele>68.4</ele><time>2026-09-25T07:40:26+00:00</time></trkpt><trkpt lat="24.965327" lon="121.044010"><ele>68.2</ele><time>2026-09-25T07:40:30+00:00</time></trkpt><trkpt lat="24.965183" lon="121.044228"><ele>68.2</ele><time>2026-09-25T07:40:34+00:00</time></trkpt><trkpt lat="24.965047" lon="121.044453"><ele>68.2</ele><time>2026-09-25T07:40:38+00:00</time></trkpt><trkpt lat="24.964916" lon="121.044667"><ele>68.2</ele><time>2026-09-25T07:40:42+00:00</time></trkpt><trkpt lat="24.964801" lon="121.044707"><ele>68.4</ele><time>2026-09-25T07:40:46+00:00</time></trkpt><trkpt lat="24.964666" lon="121.044565"><ele>68.8</ele><time>2026-09-25T07:40:50+00:00</time></trkpt><trkpt lat="24.964489" lon="121.044421"><ele>69.0</ele><time>2026-09-25T07:40:54+00:00</time></trkpt><trkpt lat="24.964297" lon="121.044288"><ele>69.0</ele><time>2026-09-25T07:40:58+00:00</time></trkpt><trkpt lat="24.964116" lon="121.044147"><ele>69.0</ele><time>2026-09-25T07:41:02+00:00</time></trkpt><trkpt lat="24.963932" lon="121.044010"><ele>69.4</ele><time>2026-09-25T07:41:06+00:00</time></trkpt><trkpt lat="24.963736" lon="121.043870"><ele>70.0</ele><time>2026-09-25T07:41:10+00:00</time></trkpt><trkpt lat="24.963548" lon="121.043720"><ele>70.2</ele><time>2026-09-25T07:41:14+00:00</time></trkpt><trkpt lat="24.963364" lon="121.043581"><ele>70.4</ele><time>2026-09-25T07:41:18+00:00</time></trkpt><trkpt lat="24.963186" lon="121.043445"><ele>70.6</ele><time>2026-09-25T07:41:22+00:00</time></trkpt><trkpt lat="24.962995" lon="121.043303"><ele>70.6</ele><time>2026-09-25T07:41:26+00:00</time></trkpt><trkpt lat="24.962793" lon="121.043148"><ele>70.8</ele><time>2026-09-25T07:41:30+00:00</time></trkpt><trkpt lat="24.962586" lon="121.042991"><ele>70.8</ele><time>2026-09-25T07:41:34+00:00</time></trkpt><trkpt lat="24.962373" lon="121.042830"><ele>70.6</ele><time>2026-09-25T07:41:38+00:00</time></trkpt><trkpt lat="24.962156" lon="121.042667"><ele>70.6</ele><time>2026-09-25T07:41:42+00:00</time></trkpt><trkpt lat="24.961935" lon="121.042503"><ele>70.4</ele><time>2026-09-25T07:41:46+00:00</time></trkpt><trkpt lat="24.961710" lon="121.042338"><ele>70.4</ele><time>2026-09-25T07:41:50+00:00</time></trkpt><trkpt lat="24.961483" lon="121.042163"><ele>70.2</ele><time>2026-09-25T07:41:54+00:00</time></trkpt><trkpt lat="24.961254" lon="121.041989"><ele>70.0</ele><time>2026-09-25T07:41:58+00:00</time></trkpt><trkpt lat="24.961022" lon="121.041825"><ele>70.0</ele><time>2026-09-25T07:42:02+00:00</time></trkpt><trkpt lat="24.960790" lon="121.041646"><ele>69.8</ele><time>2026-09-25T07:42:06+00:00</time></trkpt><trkpt lat="24.960562" lon="121.041475"><ele>69.6</ele><time>2026-09-25T07:42:10+00:00</time></trkpt><trkpt lat="24.960375" lon="121.041336"><ele>69.6</ele><time>2026-09-25T07:42:14+00:00</time></trkpt><trkpt lat="24.960244" lon="121.041236"><ele>69.6</ele><time>2026-09-25T07:42:18+00:00</time></trkpt><trkpt lat="24.960189" lon="121.041155"><ele>69.4</ele><time>2026-09-25T07:42:22+00:00</time></trkpt><trkpt lat="24.960108" lon="121.040995"><ele>69.2</ele><time>2026-09-25T07:42:26+00:00</time></trkpt><trkpt lat="24.960005" lon="121.040782"><ele>69.2</ele><time>2026-09-25T07:42:30+00:00</time></trkpt><trkpt lat="24.959902" lon="121.040550"><ele>69.0</ele><time>2026-09-25T07:42:34+00:00</time></trkpt><trkpt lat="24.959797" lon="121.040315"><ele>68.6</ele><time>2026-09-25T07:42:38+00:00</time></trkpt><trkpt lat="24.959689" lon="121.040067"><ele>68.2</ele><time>2026-09-25T07:42:42+00:00</time></trkpt><trkpt lat="24.959578" lon="121.039815"><ele>68.0</ele><time>2026-09-25T07:42:46+00:00</time></trkpt><trkpt lat="24.959452" lon="121.039600"><ele>67.8</ele><time>2026-09-25T07:42:50+00:00</time></trkpt><trkpt lat="24.959323" lon="121.039413"><ele>67.4</ele><time>2026-09-25T07:42:54+00:00</time></trkpt><trkpt lat="24.959196" lon="121.039214"><ele>67.0</ele><time>2026-09-25T07:42:58+00:00</time></trkpt><trkpt lat="24.959064" lon="121.039003"><ele>66.4</ele><time>2026-09-25T07:43:02+00:00</time></trkpt><trkpt lat="24.958970" lon="121.038803"><ele>66.0</ele><time>2026-09-25T07:43:06+00:00</time></trkpt><trkpt lat="24.958889" lon="121.038566"><ele>65.8</ele><time>2026-09-25T07:43:10+00:00</time></trkpt><trkpt lat="24.958797" lon="121.038320"><ele>65.8</ele><time>2026-09-25T07:43:14+00:00</time></trkpt><trkpt lat="24.958707" lon="121.038068"><ele>65.6</ele><time>2026-09-25T07:43:18+00:00</time></trkpt><trkpt lat="24.958623" lon="121.037800"><ele>65.6</ele><time>2026-09-25T07:43:22+00:00</time></trkpt><trkpt lat="24.958540" lon="121.037518"><ele>65.2</ele><time>2026-09-25T07:43:26+00:00</time></trkpt><trkpt lat="24.958441" lon="121.037236"><ele>64.8</ele><time>2026-09-25T07:43:30+00:00</time></trkpt><trkpt lat="24.958347" lon="121.036955"><ele>64.8</ele><time>2026-09-25T07:43:34+00:00</time></trkpt><trkpt lat="24.958253" lon="121.036678"><ele>64.6</ele><time>2026-09-25T07:43:38+00:00</time></trkpt><trkpt lat="24.958162" lon="121.036400"><ele>64.6</ele><time>2026-09-25T07:43:42+00:00</time></trkpt><trkpt lat="24.958065" lon="121.036126"><ele>64.4</ele><time>2026-09-25T07:43:46+00:00</time></trkpt><trkpt lat="24.957968" lon="121.035842"><ele>64.2</ele><time>2026-09-25T07:43:50+00:00</time></trkpt><trkpt lat="24.957874" lon="121.035540"><ele>64.0</ele><time>2026-09-25T07:43:54+00:00</time></trkpt><trkpt lat="24.957767" lon="121.035236"><ele>63.4</ele><time>2026-09-25T07:43:58+00:00</time></trkpt><trkpt lat="24.957661" lon="121.034931"><ele>62.8</ele><time>2026-09-25T07:44:02+00:00</time></trkpt><trkpt lat="24.957561" lon="121.034634"><ele>62.6</ele><time>2026-09-25T07:44:06+00:00</time></trkpt><trkpt lat="24.957457" lon="121.034346"><ele>62.6</ele><time>2026-09-25T07:44:10+00:00</time></trkpt><trkpt lat="24.957368" lon="121.034056"><ele>62.6</ele><time>2026-09-25T07:44:14+00:00</time></trkpt><trkpt lat="24.957271" lon="121.033769"><ele>62.6</ele><time>2026-09-25T07:44:18+00:00</time></trkpt><trkpt lat="24.957171" lon="121.033480"><ele>62.6</ele><time>2026-09-25T07:44:22+00:00</time></trkpt><trkpt lat="24.957077" lon="121.033189"><ele>62.6</ele><time>2026-09-25T07:44:26+00:00</time></trkpt><trkpt lat="24.956976" lon="121.032902"><ele>62.6</ele><time>2026-09-25T07:44:30+00:00</time></trkpt><trkpt lat="24.956881" lon="121.032624"><ele>62.8</ele><time>2026-09-25T07:44:34+00:00</time></trkpt><trkpt lat="24.956786" lon="121.032348"><ele>62.8</ele><time>2026-09-25T07:44:38+00:00</time></trkpt><trkpt lat="24.956694" lon="121.032070"><ele>62.8</ele><time>2026-09-25T07:44:42+00:00</time></trkpt><trkpt lat="24.956602" lon="121.031796"><ele>62.8</ele><time>2026-09-25T07:44:46+00:00</time></trkpt><trkpt lat="24.956512" lon="121.031529"><ele>62.6</ele><time>2026-09-25T07:44:50+00:00</time></trkpt><trkpt lat="24.956420" lon="121.031259"><ele>62.4</ele><time>2026-09-25T07:44:54+00:00</time></trkpt><trkpt lat="24.956323" lon="121.030980"><ele>62.4</ele><time>2026-09-25T07:44:58+00:00</time></trkpt><trkpt lat="24.956229" lon="121.030706"><ele>62.4</ele><time>2026-09-25T07:45:02+00:00</time></trkpt><trkpt lat="24.956142" lon="121.030436"><ele>62.4</ele><time>2026-09-25T07:45:06+00:00</time></trkpt><trkpt lat="24.956049" lon="121.030167"><ele>62.6</ele><time>2026-09-25T07:45:10+00:00</time></trkpt><trkpt lat="24.955956" lon="121.029896"><ele>62.6</ele><time>2026-09-25T07:45:14+00:00</time></trkpt><trkpt lat="24.955863" lon="121.029628"><ele>62.8</ele><time>2026-09-25T07:45:18+00:00</time></trkpt><trkpt lat="24.955773" lon="121.029364"><ele>63.0</ele><time>2026-09-25T07:45:22+00:00</time></trkpt><trkpt lat="24.955681" lon="121.029104"><ele>63.0</ele><time>2026-09-25T07:45:26+00:00</time></trkpt><trkpt lat="24.955594" lon="121.028842"><ele>63.0</ele><time>2026-09-25T07:45:30+00:00</time></trkpt><trkpt lat="24.955510" lon="121.028587"><ele>63.0</ele><time>2026-09-25T07:45:34+00:00</time></trkpt><trkpt lat="24.955424" lon="121.028329"><ele>63.0</ele><time>2026-09-25T07:45:38+00:00</time></trkpt><trkpt lat="24.955336" lon="121.028067"><ele>63.0</ele><time>2026-09-25T07:45:42+00:00</time></trkpt><trkpt lat="24.955241" lon="121.027802"><ele>62.8</ele><time>2026-09-25T07:45:46+00:00</time></trkpt><trkpt lat="24.955133" lon="121.027540"><ele>62.8</ele><time>2026-09-25T07:45:50+00:00</time></trkpt><trkpt lat="24.955013" lon="121.027279"><ele>62.6</ele><time>2026-09-25T07:45:54+00:00</time></trkpt><trkpt lat="24.954892" lon="121.027014"><ele>62.6</ele><time>2026-09-25T07:45:58+00:00</time></trkpt><trkpt lat="24.954774" lon="121.026747"><ele>62.6</ele><time>2026-09-25T07:46:02+00:00</time></trkpt><trkpt lat="24.954654" lon="121.026475"><ele>62.4</ele><time>2026-09-25T07:46:06+00:00</time></trkpt><trkpt lat="24.954530" lon="121.026200"><ele>62.2</ele><time>2026-09-25T07:46:10+00:00</time></trkpt><trkpt lat="24.954405" lon="121.025921"><ele>62.2</ele><time>2026-09-25T07:46:14+00:00</time></trkpt><trkpt lat="24.954277" lon="121.025645"><ele>62.0</ele><time>2026-09-25T07:46:18+00:00</time></trkpt><trkpt lat="24.954152" lon="121.025369"><ele>62.0</ele><time>2026-09-25T07:46:22+00:00</time></trkpt><trkpt lat="24.954027" lon="121.025097"><ele>61.8</ele><time>2026-09-25T07:46:26+00:00</time></trkpt><trkpt lat="24.953908" lon="121.024837"><ele>61.6</ele><time>2026-09-25T07:46:30+00:00</time></trkpt><trkpt lat="24.953799" lon="121.024590"><ele>61.4</ele><time>2026-09-25T07:46:34+00:00</time></trkpt><trkpt lat="24.953692" lon="121.024343"><ele>61.0</ele><time>2026-09-25T07:46:38+00:00</time></trkpt><trkpt lat="24.953528" lon="121.024112"><ele>61.0</ele><time>2026-09-25T07:47:37+00:00</time></trkpt><trkpt lat="24.953466" lon="121.024187"><ele>61.2</ele><time>2026-09-25T07:47:41+00:00</time></trkpt><trkpt lat="24.953361" lon="121.024252"><ele>61.2</ele><time>2026-09-25T07:47:45+00:00</time></trkpt><trkpt lat="24.953258" lon="121.024357"><ele>61.2</ele><time>2026-09-25T07:47:49+00:00</time></trkpt><trkpt lat="24.953145" lon="121.024485"><ele>61.2</ele><time>2026-09-25T07:47:53+00:00</time></trkpt><trkpt lat="24.953023" lon="121.024621"><ele>61.2</ele><time>2026-09-25T07:47:57+00:00</time></trkpt><trkpt lat="24.952909" lon="121.024747"><ele>61.2</ele><time>2026-09-25T07:48:01+00:00</time></trkpt><trkpt lat="24.952821" lon="121.024813"><ele>61.2</ele><time>2026-09-25T07:48:05+00:00</time></trkpt><trkpt lat="24.952731" lon="121.024711"><ele>61.2</ele><time>2026-09-25T07:48:09+00:00</time></trkpt><trkpt lat="24.952607" lon="121.024560"><ele>61.2</ele><time>2026-09-25T07:48:13+00:00</time></trkpt><trkpt lat="24.952455" lon="121.024399"><ele>61.2</ele><time>2026-09-25T07:48:17+00:00</time></trkpt><trkpt lat="24.952290" lon="121.024226"><ele>61.2</ele><time>2026-09-25T07:48:21+00:00</time></trkpt><trkpt lat="24.952119" lon="121.024046"><ele>61.0</ele><time>2026-09-25T07:48:25+00:00</time></trkpt><trkpt lat="24.951941" lon="121.023860"><ele>60.8</ele><time>2026-09-25T07:48:29+00:00</time></trkpt><trkpt lat="24.951760" lon="121.023670"><ele>60.8</ele><time>2026-09-25T07:48:33+00:00</time></trkpt><trkpt lat="24.951575" lon="121.023470"><ele>60.8</ele><time>2026-09-25T07:48:37+00:00</time></trkpt><trkpt lat="24.951386" lon="121.023265"><ele>60.8</ele><time>2026-09-25T07:48:41+00:00</time></trkpt><trkpt lat="24.951193" lon="121.023063"><ele>60.8</ele><time>2026-09-25T07:48:45+00:00</time></trkpt><trkpt lat="24.951002" lon="121.022857"><ele>60.6</ele><time>2026-09-25T07:48:49+00:00</time></trkpt><trkpt lat="24.950804" lon="121.022660"><ele>60.4</ele><time>2026-09-25T07:48:53+00:00</time></trkpt><trkpt lat="24.950576" lon="121.022495"><ele>60.2</ele><time>2026-09-25T07:48:57+00:00</time></trkpt><trkpt lat="24.950348" lon="121.022311"><ele>60.0</ele><time>2026-09-25T07:49:01+00:00</time></trkpt><trkpt lat="24.950145" lon="121.022086"><ele>59.6</ele><time>2026-09-25T07:49:05+00:00</time></trkpt><trkpt lat="24.949965" lon="121.021873"><ele>59.4</ele><time>2026-09-25T07:49:09+00:00</time></trkpt><trkpt lat="24.949810" lon="121.021698"><ele>59.2</ele><time>2026-09-25T07:49:13+00:00</time></trkpt><trkpt lat="24.949666" lon="121.021515"><ele>59.0</ele><time>2026-09-25T07:49:17+00:00</time></trkpt><trkpt lat="24.949516" lon="121.021305"><ele>59.0</ele><time>2026-09-25T07:49:21+00:00</time></trkpt><trkpt lat="24.949337" lon="121.021107"><ele>59.0</ele><time>2026-09-25T07:49:25+00:00</time></trkpt><trkpt lat="24.949147" lon="121.020913"><ele>59.0</ele><time>2026-09-25T07:49:29+00:00</time></trkpt><trkpt lat="24.948959" lon="121.020712"><ele>58.8</ele><time>2026-09-25T07:49:33+00:00</time></trkpt><trkpt lat="24.948776" lon="121.020510"><ele>58.8</ele><time>2026-09-25T07:49:37+00:00</time></trkpt><trkpt lat="24.948590" lon="121.020306"><ele>58.6</ele><time>2026-09-25T07:49:41+00:00</time></trkpt><trkpt lat="24.948395" lon="121.020096"><ele>58.4</ele><time>2026-09-25T07:49:45+00:00</time></trkpt><trkpt lat="24.948175" lon="121.019908"><ele>58.2</ele><time>2026-09-25T07:49:49+00:00</time></trkpt><trkpt lat="24.947941" lon="121.019745"><ele>57.8</ele><time>2026-09-25T07:49:53+00:00</time></trkpt><trkpt lat="24.947699" lon="121.019593"><ele>57.4</ele><time>2026-09-25T07:49:57+00:00</time></trkpt><trkpt lat="24.947460" lon="121.019430"><ele>57.0</ele><time>2026-09-25T07:50:01+00:00</time></trkpt><trkpt lat="24.947221" lon="121.019266"><ele>56.8</ele><time>2026-09-25T07:50:05+00:00</time></trkpt><trkpt lat="24.946979" lon="121.019114"><ele>56.4</ele><time>2026-09-25T07:50:09+00:00</time></trkpt><trkpt lat="24.946733" lon="121.018971"><ele>56.2</ele><time>2026-09-25T07:50:13+00:00</time></trkpt><trkpt lat="24.946486" lon="121.018824"><ele>55.8</ele><time>2026-09-25T07:50:17+00:00</time></trkpt><trkpt lat="24.946240" lon="121.018664"><ele>55.4</ele><time>2026-09-25T07:50:21+00:00</time></trkpt><trkpt lat="24.946006" lon="121.018506"><ele>55.0</ele><time>2026-09-25T07:50:25+00:00</time></trkpt><trkpt lat="24.945790" lon="121.018412"><ele>54.6</ele><time>2026-09-25T07:50:29+00:00</time></trkpt><trkpt lat="24.945606" lon="121.018350"><ele>54.4</ele><time>2026-09-25T07:50:33+00:00</time></trkpt><trkpt lat="24.945397" lon="121.018256"><ele>54.0</ele><time>2026-09-25T07:50:37+00:00</time></trkpt><trkpt lat="24.945218" lon="121.018088"><ele>53.6</ele><time>2026-09-25T07:50:41+00:00</time></trkpt><trkpt lat="24.945048" lon="121.017912"><ele>53.4</ele><time>2026-09-25T07:50:45+00:00</time></trkpt><trkpt lat="24.944837" lon="121.017779"><ele>53.2</ele><time>2026-09-25T07:50:49+00:00</time></trkpt><trkpt lat="24.944603" lon="121.017678"><ele>53.0</ele><time>2026-09-25T07:50:53+00:00</time></trkpt><trkpt lat="24.944354" lon="121.017676"><ele>52.8</ele><time>2026-09-25T07:50:57+00:00</time></trkpt><trkpt lat="24.944113" lon="121.017722"><ele>52.6</ele><time>2026-09-25T07:51:01+00:00</time></trkpt><trkpt lat="24.943880" lon="121.017787"><ele>52.2</ele><time>2026-09-25T07:51:05+00:00</time></trkpt><trkpt lat="24.943682" lon="121.017779"><ele>52.0</ele><time>2026-09-25T07:51:09+00:00</time></trkpt><trkpt lat="24.943539" lon="121.017682"><ele>51.8</ele><time>2026-09-25T07:51:13+00:00</time></trkpt><trkpt lat="24.943352" lon="121.017520"><ele>51.6</ele><time>2026-09-25T07:51:17+00:00</time></trkpt><trkpt lat="24.943140" lon="121.017335"><ele>51.2</ele><time>2026-09-25T07:51:21+00:00</time></trkpt><trkpt lat="24.942929" lon="121.017145"><ele>51.0</ele><time>2026-09-25T07:51:25+00:00</time></trkpt><trkpt lat="24.942757" lon="121.016930"><ele>51.0</ele><time>2026-09-25T07:51:29+00:00</time></trkpt><trkpt lat="24.942597" lon="121.016707"><ele>51.0</ele><time>2026-09-25T07:51:33+00:00</time></trkpt><trkpt lat="24.942445" lon="121.016476"><ele>50.8</ele><time>2026-09-25T07:51:37+00:00</time></trkpt><trkpt lat="24.942290" lon="121.016244"><ele>50.6</ele><time>2026-09-25T07:51:41+00:00</time></trkpt><trkpt lat="24.942122" lon="121.016032"><ele>50.4</ele><time>2026-09-25T07:51:45+00:00</time></trkpt><trkpt lat="24.941936" lon="121.015838"><ele>50.4</ele><time>2026-09-25T07:51:49+00:00</time></trkpt><trkpt lat="24.941752" lon="121.015681"><ele>51.2</ele><time>2026-09-25T07:51:53+00:00</time></trkpt><trkpt lat="24.941550" lon="121.015554"><ele>51.8</ele><time>2026-09-25T07:51:57+00:00</time></trkpt><trkpt lat="24.941351" lon="121.015448"><ele>52.2</ele><time>2026-09-25T07:52:01+00:00</time></trkpt><trkpt lat="24.941178" lon="121.015392"><ele>52.4</ele><time>2026-09-25T07:52:05+00:00</time></trkpt><trkpt lat="24.940997" lon="121.015356"><ele>52.8</ele><time>2026-09-25T07:52:09+00:00</time></trkpt><trkpt lat="24.940797" lon="121.015309"><ele>53.4</ele><time>2026-09-25T07:52:13+00:00</time></trkpt><trkpt lat="24.940611" lon="121.015248"><ele>54.0</ele><time>2026-09-25T07:52:17+00:00</time></trkpt><trkpt lat="24.940435" lon="121.015166"><ele>54.6</ele><time>2026-09-25T07:52:21+00:00</time></trkpt><trkpt lat="24.940252" lon="121.015079"><ele>55.2</ele><time>2026-09-25T07:52:25+00:00</time></trkpt><trkpt lat="24.940058" lon="121.014985"><ele>55.4</ele><time>2026-09-25T07:52:29+00:00</time></trkpt><trkpt lat="24.939869" lon="121.014883"><ele>55.6</ele><time>2026-09-25T07:52:33+00:00</time></trkpt><trkpt lat="24.939672" lon="121.014803"><ele>56.0</ele><time>2026-09-25T07:52:37+00:00</time></trkpt><trkpt lat="24.939485" lon="121.014761"><ele>56.6</ele><time>2026-09-25T07:52:41+00:00</time></trkpt><trkpt lat="24.939295" lon="121.014726"><ele>57.4</ele><time>2026-09-25T07:52:45+00:00</time></trkpt><trkpt lat="24.939107" lon="121.014687"><ele>57.8</ele><time>2026-09-25T07:52:49+00:00</time></trkpt><trkpt lat="24.938928" lon="121.014632"><ele>57.6</ele><time>2026-09-25T07:52:53+00:00</time></trkpt><trkpt lat="24.938757" lon="121.014529"><ele>57.2</ele><time>2026-09-25T07:52:57+00:00</time></trkpt><trkpt lat="24.938603" lon="121.014366"><ele>56.6</ele><time>2026-09-25T07:53:01+00:00</time></trkpt><trkpt lat="24.938474" lon="121.014163"><ele>56.2</ele><time>2026-09-25T07:53:05+00:00</time></trkpt><trkpt lat="24.938300" lon="121.014012"><ele>55.8</ele><time>2026-09-25T07:53:09+00:00</time></trkpt><trkpt lat="24.938109" lon="121.013854"><ele>56.0</ele><time>2026-09-25T07:53:13+00:00</time></trkpt><trkpt lat="24.937923" lon="121.013671"><ele>56.2</ele><time>2026-09-25T07:53:17+00:00</time></trkpt><trkpt lat="24.937742" lon="121.013479"><ele>56.4</ele><time>2026-09-25T07:53:21+00:00</time></trkpt><trkpt lat="24.937580" lon="121.013299"><ele>57.4</ele><time>2026-09-25T07:53:25+00:00</time></trkpt><trkpt lat="24.937431" lon="121.013156"><ele>58.2</ele><time>2026-09-25T07:53:29+00:00</time></trkpt><trkpt lat="24.937313" lon="121.013032"><ele>58.8</ele><time>2026-09-25T07:53:33+00:00</time></trkpt><trkpt lat="24.937185" lon="121.012883"><ele>59.4</ele><time>2026-09-25T07:53:37+00:00</time></trkpt><trkpt lat="24.937049" lon="121.012745"><ele>59.8</ele><time>2026-09-25T07:53:41+00:00</time></trkpt><trkpt lat="24.936905" lon="121.012594"><ele>60.2</ele><time>2026-09-25T07:53:45+00:00</time></trkpt><trkpt lat="24.936749" lon="121.012434"><ele>60.4</ele><time>2026-09-25T07:53:49+00:00</time></trkpt><trkpt lat="24.936583" lon="121.012276"><ele>60.6</ele><time>2026-09-25T07:53:53+00:00</time></trkpt><trkpt lat="24.936411" lon="121.012114"><ele>60.6</ele><time>2026-09-25T07:53:57+00:00</time></trkpt><trkpt lat="24.936238" lon="121.011947"><ele>60.4</ele><time>2026-09-25T07:54:01+00:00</time></trkpt><trkpt lat="24.936059" lon="121.011791"><ele>60.4</ele><time>2026-09-25T07:54:05+00:00</time></trkpt><trkpt lat="24.935869" lon="121.011655"><ele>60.4</ele><time>2026-09-25T07:54:09+00:00</time></trkpt><trkpt lat="24.935650" lon="121.011542"><ele>60.4</ele><time>2026-09-25T07:54:13+00:00</time></trkpt><trkpt lat="24.935422" lon="121.011427"><ele>60.4</ele><time>2026-09-25T07:54:17+00:00</time></trkpt><trkpt lat="24.935200" lon="121.011301"><ele>60.4</ele><time>2026-09-25T07:54:21+00:00</time></trkpt><trkpt lat="24.934991" lon="121.011166"><ele>60.4</ele><time>2026-09-25T07:54:25+00:00</time></trkpt><trkpt lat="24.934780" lon="121.011066"><ele>60.4</ele><time>2026-09-25T07:54:29+00:00</time></trkpt><trkpt lat="24.934549" lon="121.010994"><ele>60.4</ele><time>2026-09-25T07:54:33+00:00</time></trkpt><trkpt lat="24.934323" lon="121.010899"><ele>60.2</ele><time>2026-09-25T07:54:37+00:00</time></trkpt><trkpt lat="24.934156" lon="121.010735"><ele>60.2</ele><time>2026-09-25T07:54:41+00:00</time></trkpt><trkpt lat="24.934085" lon="121.010513"><ele>60.4</ele><time>2026-09-25T07:54:45+00:00</time></trkpt><trkpt lat="24.933925" lon="121.010353"><ele>60.6</ele><time>2026-09-25T07:54:49+00:00</time></trkpt><trkpt lat="24.933716" lon="121.010232"><ele>60.8</ele><time>2026-09-25T07:54:53+00:00</time></trkpt><trkpt lat="24.933491" lon="121.010132"><ele>61.0</ele><time>2026-09-25T07:54:57+00:00</time></trkpt><trkpt lat="24.933258" lon="121.010050"><ele>61.2</ele><time>2026-09-25T07:55:01+00:00</time></trkpt><trkpt lat="24.933023" lon="121.009989"><ele>61.4</ele><time>2026-09-25T07:55:05+00:00</time></trkpt><trkpt lat="24.932818" lon="121.009939"><ele>61.6</ele><time>2026-09-25T07:55:09+00:00</time></trkpt><trkpt lat="24.932603" lon="121.009863"><ele>61.6</ele><time>2026-09-25T07:55:13+00:00</time></trkpt><trkpt lat="24.932368" lon="121.009787"><ele>61.6</ele><time>2026-09-25T07:55:17+00:00</time></trkpt><trkpt lat="24.932149" lon="121.009710"><ele>61.8</ele><time>2026-09-25T07:55:21+00:00</time></trkpt><trkpt lat="24.931946" lon="121.009644"><ele>61.8</ele><time>2026-09-25T07:55:25+00:00</time></trkpt><trkpt lat="24.931773" lon="121.009595"><ele>62.0</ele><time>2026-09-25T07:55:29+00:00</time></trkpt><trkpt lat="24.931714" lon="121.009546"><ele>61.8</ele><time>2026-09-25T07:55:33+00:00</time></trkpt><trkpt lat="24.931746" lon="121.009435"><ele>62.0</ele><time>2026-09-25T07:55:37+00:00</time></trkpt><trkpt lat="24.931667" lon="121.009121"><ele>62.0</ele><time>2026-09-25T07:56:52+00:00</time></trkpt><trkpt lat="24.931772" lon="121.009106"><ele>62.0</ele><time>2026-09-25T07:56:56+00:00</time></trkpt><trkpt lat="24.931885" lon="121.008937"><ele>62.0</ele><time>2026-09-25T07:57:38+00:00</time></trkpt><trkpt lat="24.931909" lon="121.008842"><ele>62.0</ele><time>2026-09-25T07:57:42+00:00</time></trkpt><trkpt lat="24.931906" lon="121.008734"><ele>62.2</ele><time>2026-09-25T07:57:46+00:00</time></trkpt><trkpt lat="24.931881" lon="121.008588"><ele>62.2</ele><time>2026-09-25T07:57:50+00:00</time></trkpt><trkpt lat="24.931811" lon="121.008417"><ele>62.0</ele><time>2026-09-25T07:57:54+00:00</time></trkpt><trkpt lat="24.931703" lon="121.008234"><ele>61.6</ele><time>2026-09-25T07:57:58+00:00</time></trkpt><trkpt lat="24.931598" lon="121.008039"><ele>61.2</ele><time>2026-09-25T07:58:02+00:00</time></trkpt><trkpt lat="24.931477" lon="121.007834"><ele>61.0</ele><time>2026-09-25T07:58:06+00:00</time></trkpt><trkpt lat="24.931350" lon="121.007629"><ele>61.0</ele><time>2026-09-25T07:58:10+00:00</time></trkpt><trkpt lat="24.931215" lon="121.007419"><ele>60.8</ele><time>2026-09-25T07:58:14+00:00</time></trkpt><trkpt lat="24.931061" lon="121.007212"><ele>60.6</ele><time>2026-09-25T07:58:18+00:00</time></trkpt><trkpt lat="24.930904" lon="121.007027"><ele>60.6</ele><time>2026-09-25T07:58:22+00:00</time></trkpt><trkpt lat="24.930856" lon="121.006815"><ele>60.8</ele><time>2026-09-25T07:58:26+00:00</time></trkpt><trkpt lat="24.930894" lon="121.006588"><ele>60.6</ele><time>2026-09-25T07:58:30+00:00</time></trkpt><trkpt lat="24.930938" lon="121.006442"><ele>60.4</ele><time>2026-09-25T07:58:34+00:00</time></trkpt><trkpt lat="24.930943" lon="121.006405"><ele>60.4</ele><time>2026-09-25T07:58:38+00:00</time></trkpt><trkpt lat="24.930827" lon="121.006571"><ele>60.2</ele><time>2026-09-25T07:58:52+00:00</time></trkpt><trkpt lat="24.930762" lon="121.006678"><ele>60.2</ele><time>2026-09-25T07:58:56+00:00</time></trkpt><trkpt lat="24.930603" lon="121.006603"><ele>60.2</ele><time>2026-09-25T07:59:00+00:00</time></trkpt><trkpt lat="24.930449" lon="121.006451"><ele>60.0</ele><time>2026-09-25T07:59:04+00:00</time></trkpt><trkpt lat="24.930289" lon="121.006294"><ele>60.0</ele><time>2026-09-25T07:59:08+00:00</time></trkpt><trkpt lat="24.930115" lon="121.006126"><ele>59.8</ele><time>2026-09-25T07:59:12+00:00</time></trkpt><trkpt lat="24.929938" lon="121.005959"><ele>59.6</ele><time>2026-09-25T07:59:16+00:00</time></trkpt><trkpt lat="24.929776" lon="121.005818"><ele>59.4</ele><time>2026-09-25T07:59:20+00:00</time></trkpt><trkpt lat="24.929604" lon="121.005668"><ele>59.2</ele><time>2026-09-25T07:59:24+00:00</time></trkpt><trkpt lat="24.929421" lon="121.005498"><ele>59.2</ele><time>2026-09-25T07:59:28+00:00</time></trkpt><trkpt lat="24.929226" lon="121.005323"><ele>59.2</ele><time>2026-09-25T07:59:32+00:00</time></trkpt><trkpt lat="24.929020" lon="121.005149"><ele>59.2</ele><time>2026-09-25T07:59:36+00:00</time></trkpt><trkpt lat="24.928813" lon="121.004973"><ele>59.4</ele><time>2026-09-25T07:59:40+00:00</time></trkpt><trkpt lat="24.928604" lon="121.004791"><ele>59.4</ele><time>2026-09-25T07:59:44+00:00</time></trkpt><trkpt lat="24.928401" lon="121.004615"><ele>59.2</ele><time>2026-09-25T07:59:48+00:00</time></trkpt><trkpt lat="24.928202" lon="121.004439"><ele>59.0</ele><time>2026-09-25T07:59:52+00:00</time></trkpt><trkpt lat="24.927996" lon="121.004267"><ele>59.0</ele><time>2026-09-25T07:59:56+00:00</time></trkpt><trkpt lat="24.927785" lon="121.004105"><ele>59.0</ele><time>2026-09-25T08:00:00+00:00</time></trkpt><trkpt lat="24.927568" lon="121.003956"><ele>59.2</ele><time>2026-09-25T08:00:04+00:00</time></trkpt><trkpt lat="24.927353" lon="121.003803"><ele>59.2</ele><time>2026-09-25T08:00:08+00:00</time></trkpt><trkpt lat="24.927140" lon="121.003653"><ele>59.2</ele><time>2026-09-25T08:00:12+00:00</time></trkpt><trkpt lat="24.926937" lon="121.003497"><ele>59.2</ele><time>2026-09-25T08:00:16+00:00</time></trkpt><trkpt lat="24.926728" lon="121.003341"><ele>59.0</ele><time>2026-09-25T08:00:20+00:00</time></trkpt><trkpt lat="24.926514" lon="121.003188"><ele>59.0</ele><time>2026-09-25T08:00:24+00:00</time></trkpt><trkpt lat="24.926318" lon="121.003046"><ele>58.8</ele><time>2026-09-25T08:00:28+00:00</time></trkpt><trkpt lat="24.926117" lon="121.002904"><ele>58.8</ele><time>2026-09-25T08:00:32+00:00</time></trkpt><trkpt lat="24.925909" lon="121.002759"><ele>58.6</ele><time>2026-09-25T08:00:36+00:00</time></trkpt><trkpt lat="24.925697" lon="121.002613"><ele>58.6</ele><time>2026-09-25T08:00:40+00:00</time></trkpt><trkpt lat="24.925480" lon="121.002474"><ele>58.6</ele><time>2026-09-25T08:00:44+00:00</time></trkpt><trkpt lat="24.925268" lon="121.002339"><ele>58.6</ele><time>2026-09-25T08:00:48+00:00</time></trkpt><trkpt lat="24.925066" lon="121.002202"><ele>58.6</ele><time>2026-09-25T08:00:52+00:00</time></trkpt><trkpt lat="24.924860" lon="121.002055"><ele>58.4</ele><time>2026-09-25T08:00:56+00:00</time></trkpt><trkpt lat="24.924649" lon="121.001906"><ele>58.2</ele><time>2026-09-25T08:01:00+00:00</time></trkpt><trkpt lat="24.924440" lon="121.001764"><ele>58.6</ele><time>2026-09-25T08:01:04+00:00</time></trkpt><trkpt lat="24.924234" lon="121.001618"><ele>58.6</ele><time>2026-09-25T08:01:08+00:00</time></trkpt><trkpt lat="24.924017" lon="121.001466"><ele>58.4</ele><time>2026-09-25T08:01:12+00:00</time></trkpt><trkpt lat="24.923790" lon="121.001318"><ele>58.0</ele><time>2026-09-25T08:01:16+00:00</time></trkpt><trkpt lat="24.923571" lon="121.001174"><ele>57.6</ele><time>2026-09-25T08:01:20+00:00</time></trkpt><trkpt lat="24.923354" lon="121.001034"><ele>57.4</ele><time>2026-09-25T08:01:24+00:00</time></trkpt><trkpt lat="24.923138" lon="121.000888"><ele>57.4</ele><time>2026-09-25T08:01:28+00:00</time></trkpt><trkpt lat="24.922917" lon="121.000738"><ele>57.4</ele><time>2026-09-25T08:01:32+00:00</time></trkpt><trkpt lat="24.922696" lon="121.000581"><ele>57.4</ele><time>2026-09-25T08:01:36+00:00</time></trkpt><trkpt lat="24.922486" lon="121.000419"><ele>57.4</ele><time>2026-09-25T08:01:40+00:00</time></trkpt><trkpt lat="24.922297" lon="121.000230"><ele>57.4</ele><time>2026-09-25T08:01:44+00:00</time></trkpt><trkpt lat="24.922120" lon="121.000040"><ele>57.4</ele><time>2026-09-25T08:01:48+00:00</time></trkpt><trkpt lat="24.921916" lon="120.999875"><ele>57.2</ele><time>2026-09-25T08:01:52+00:00</time></trkpt><trkpt lat="24.921707" lon="120.999717"><ele>57.0</ele><time>2026-09-25T08:01:56+00:00</time></trkpt><trkpt lat="24.921499" lon="120.999559"><ele>56.8</ele><time>2026-09-25T08:02:00+00:00</time></trkpt><trkpt lat="24.921282" lon="120.999407"><ele>56.8</ele><time>2026-09-25T08:02:04+00:00</time></trkpt><trkpt lat="24.921060" lon="120.999261"><ele>56.8</ele><time>2026-09-25T08:02:08+00:00</time></trkpt><trkpt lat="24.920842" lon="120.999111"><ele>56.6</ele><time>2026-09-25T08:02:12+00:00</time></trkpt><trkpt lat="24.920620" lon="120.998959"><ele>56.4</ele><time>2026-09-25T08:02:16+00:00</time></trkpt><trkpt lat="24.920408" lon="120.998811"><ele>56.2</ele><time>2026-09-25T08:02:20+00:00</time></trkpt><trkpt lat="24.920203" lon="120.998669"><ele>56.0</ele><time>2026-09-25T08:02:24+00:00</time></trkpt><trkpt lat="24.919985" lon="120.998527"><ele>56.0</ele><time>2026-09-25T08:02:28+00:00</time></trkpt><trkpt lat="24.919760" lon="120.998387"><ele>55.8</ele><time>2026-09-25T08:02:32+00:00</time></trkpt><trkpt lat="24.919531" lon="120.998247"><ele>56.0</ele><time>2026-09-25T08:02:36+00:00</time></trkpt><trkpt lat="24.919320" lon="120.998115"><ele>56.0</ele><time>2026-09-25T08:02:40+00:00</time></trkpt><trkpt lat="24.919091" lon="120.997978"><ele>55.8</ele><time>2026-09-25T08:02:44+00:00</time></trkpt><trkpt lat="24.918863" lon="120.997843"><ele>55.6</ele><time>2026-09-25T08:02:48+00:00</time></trkpt><trkpt lat="24.918647" lon="120.997693"><ele>55.6</ele><time>2026-09-25T08:02:52+00:00</time></trkpt><trkpt lat="24.918431" lon="120.997539"><ele>55.4</ele><time>2026-09-25T08:02:56+00:00</time></trkpt><trkpt lat="24.918215" lon="120.997390"><ele>55.6</ele><time>2026-09-25T08:03:00+00:00</time></trkpt><trkpt lat="24.918008" lon="120.997250"><ele>55.8</ele><time>2026-09-25T08:03:04+00:00</time></trkpt><trkpt lat="24.917802" lon="120.997107"><ele>55.6</ele><time>2026-09-25T08:03:08+00:00</time></trkpt><trkpt lat="24.917595" lon="120.996955"><ele>55.4</ele><time>2026-09-25T08:03:12+00:00</time></trkpt><trkpt lat="24.917382" lon="120.996808"><ele>55.2</ele><time>2026-09-25T08:03:16+00:00</time></trkpt><trkpt lat="24.917169" lon="120.996657"><ele>55.0</ele><time>2026-09-25T08:03:20+00:00</time></trkpt><trkpt lat="24.916955" lon="120.996505"><ele>55.0</ele><time>2026-09-25T08:03:24+00:00</time></trkpt><trkpt lat="24.916726" lon="120.996364"><ele>54.8</ele><time>2026-09-25T08:03:28+00:00</time></trkpt><trkpt lat="24.916505" lon="120.996222"><ele>54.8</ele><time>2026-09-25T08:03:32+00:00</time></trkpt><trkpt lat="24.916345" lon="120.996021"><ele>54.8</ele><time>2026-09-25T08:03:36+00:00</time></trkpt><trkpt lat="24.916245" lon="120.995766"><ele>54.4</ele><time>2026-09-25T08:03:40+00:00</time></trkpt><trkpt lat="24.916137" lon="120.995517"><ele>54.2</ele><time>2026-09-25T08:03:44+00:00</time></trkpt><trkpt lat="24.916015" lon="120.995265"><ele>54.0</ele><time>2026-09-25T08:03:48+00:00</time></trkpt><trkpt lat="24.915915" lon="120.994989"><ele>53.8</ele><time>2026-09-25T08:03:52+00:00</time></trkpt><trkpt lat="24.915813" lon="120.994709"><ele>53.2</ele><time>2026-09-25T08:03:56+00:00</time></trkpt><trkpt lat="24.915692" lon="120.994439"><ele>52.4</ele><time>2026-09-25T08:04:00+00:00</time></trkpt><trkpt lat="24.915572" lon="120.994179"><ele>51.8</ele><time>2026-09-25T08:04:04+00:00</time></trkpt><trkpt lat="24.915436" lon="120.993933"><ele>51.4</ele><time>2026-09-25T08:04:08+00:00</time></trkpt><trkpt lat="24.915296" lon="120.993691"><ele>51.0</ele><time>2026-09-25T08:04:12+00:00</time></trkpt><trkpt lat="24.915188" lon="120.993434"><ele>50.8</ele><time>2026-09-25T08:04:16+00:00</time></trkpt><trkpt lat="24.915124" lon="120.993168"><ele>50.6</ele><time>2026-09-25T08:04:20+00:00</time></trkpt><trkpt lat="24.915104" lon="120.992881"><ele>50.2</ele><time>2026-09-25T08:04:24+00:00</time></trkpt><trkpt lat="24.915087" lon="120.992585"><ele>49.4</ele><time>2026-09-25T08:04:28+00:00</time></trkpt><trkpt lat="24.915029" lon="120.992301"><ele>48.8</ele><time>2026-09-25T08:04:32+00:00</time></trkpt><trkpt lat="24.915013" lon="120.992021"><ele>48.2</ele><time>2026-09-25T08:04:36+00:00</time></trkpt><trkpt lat="24.915039" lon="120.991732"><ele>47.8</ele><time>2026-09-25T08:04:40+00:00</time></trkpt><trkpt lat="24.915056" lon="120.991450"><ele>47.6</ele><time>2026-09-25T08:04:44+00:00</time></trkpt><trkpt lat="24.915072" lon="120.991167"><ele>47.2</ele><time>2026-09-25T08:04:48+00:00</time></trkpt><trkpt lat="24.915098" lon="120.990881"><ele>46.8</ele><time>2026-09-25T08:04:52+00:00</time></trkpt><trkpt lat="24.915128" lon="120.990595"><ele>46.6</ele><time>2026-09-25T08:04:56+00:00</time></trkpt><trkpt lat="24.915156" lon="120.990301"><ele>46.4</ele><time>2026-09-25T08:05:00+00:00</time></trkpt><trkpt lat="24.915149" lon="120.989989"><ele>46.0</ele><time>2026-09-25T08:05:04+00:00</time></trkpt><trkpt lat="24.915091" lon="120.989666"><ele>45.6</ele><time>2026-09-25T08:05:08+00:00</time></trkpt><trkpt lat="24.915002" lon="120.989358"><ele>45.0</ele><time>2026-09-25T08:05:12+00:00</time></trkpt><trkpt lat="24.914954" lon="120.989105"><ele>44.2</ele><time>2026-09-25T08:05:16+00:00</time></trkpt><trkpt lat="24.914964" lon="120.988924"><ele>43.8</ele><time>2026-09-25T08:05:20+00:00</time></trkpt><trkpt lat="24.914993" lon="120.988781"><ele>43.4</ele><time>2026-09-25T08:05:24+00:00</time></trkpt><trkpt lat="24.914930" lon="120.988659"><ele>43.4</ele><time>2026-09-25T08:05:28+00:00</time></trkpt><trkpt lat="24.914782" lon="120.988502"><ele>43.4</ele><time>2026-09-25T08:05:32+00:00</time></trkpt><trkpt lat="24.914621" lon="120.988343"><ele>43.4</ele><time>2026-09-25T08:05:36+00:00</time></trkpt><trkpt lat="24.914426" lon="120.988197"><ele>43.4</ele><time>2026-09-25T08:05:40+00:00</time></trkpt><trkpt lat="24.914226" lon="120.988045"><ele>43.2</ele><time>2026-09-25T08:05:44+00:00</time></trkpt><trkpt lat="24.914020" lon="120.987893"><ele>42.6</ele><time>2026-09-25T08:05:48+00:00</time></trkpt><trkpt lat="24.913821" lon="120.987736"><ele>42.2</ele><time>2026-09-25T08:05:52+00:00</time></trkpt><trkpt lat="24.913656" lon="120.987547"><ele>41.8</ele><time>2026-09-25T08:05:56+00:00</time></trkpt><trkpt lat="24.913564" lon="120.987354"><ele>41.8</ele><time>2026-09-25T08:06:00+00:00</time></trkpt><trkpt lat="24.913567" lon="120.987147"><ele>41.6</ele><time>2026-09-25T08:06:04+00:00</time></trkpt><trkpt lat="24.913545" lon="120.986953"><ele>41.6</ele><time>2026-09-25T08:06:08+00:00</time></trkpt><trkpt lat="24.913390" lon="120.986829"><ele>41.6</ele><time>2026-09-25T08:06:12+00:00</time></trkpt><trkpt lat="24.913155" lon="120.986775"><ele>41.0</ele><time>2026-09-25T08:06:16+00:00</time></trkpt><trkpt lat="24.912901" lon="120.986730"><ele>40.6</ele><time>2026-09-25T08:06:20+00:00</time></trkpt><trkpt lat="24.912653" lon="120.986677"><ele>40.6</ele><time>2026-09-25T08:06:24+00:00</time></trkpt><trkpt lat="24.912398" lon="120.986619"><ele>40.4</ele><time>2026-09-25T08:06:28+00:00</time></trkpt><trkpt lat="24.912147" lon="120.986564"><ele>40.6</ele><time>2026-09-25T08:06:32+00:00</time></trkpt><trkpt lat="24.911907" lon="120.986509"><ele>40.8</ele><time>2026-09-25T08:06:36+00:00</time></trkpt><trkpt lat="24.911688" lon="120.986465"><ele>40.8</ele><time>2026-09-25T08:06:40+00:00</time></trkpt><trkpt lat="24.911500" lon="120.986423"><ele>40.8</ele><time>2026-09-25T08:06:44+00:00</time></trkpt><trkpt lat="24.911316" lon="120.986374"><ele>40.6</ele><time>2026-09-25T08:06:48+00:00</time></trkpt><trkpt lat="24.911139" lon="120.986320"><ele>40.2</ele><time>2026-09-25T08:06:52+00:00</time></trkpt><trkpt lat="24.910989" lon="120.986280"><ele>40.0</ele><time>2026-09-25T08:06:56+00:00</time></trkpt><trkpt lat="24.910885" lon="120.986250"><ele>39.8</ele><time>2026-09-25T08:07:00+00:00</time></trkpt><trkpt lat="24.910837" lon="120.986139"><ele>39.6</ele><time>2026-09-25T08:07:04+00:00</time></trkpt><trkpt lat="24.910884" lon="120.985949"><ele>39.4</ele><time>2026-09-25T08:07:08+00:00</time></trkpt><trkpt lat="24.910932" lon="120.985721"><ele>39.2</ele><time>2026-09-25T08:07:12+00:00</time></trkpt><trkpt lat="24.910979" lon="120.985461"><ele>39.0</ele><time>2026-09-25T08:07:16+00:00</time></trkpt><trkpt lat="24.911029" lon="120.985188"><ele>38.6</ele><time>2026-09-25T08:07:20+00:00</time></trkpt><trkpt lat="24.911077" lon="120.984914"><ele>38.2</ele><time>2026-09-25T08:07:24+00:00</time></trkpt><trkpt lat="24.911125" lon="120.984661"><ele>38.0</ele><time>2026-09-25T08:07:28+00:00</time></trkpt><trkpt lat="24.911177" lon="120.984421"><ele>37.4</ele><time>2026-09-25T08:07:32+00:00</time></trkpt><trkpt lat="24.911226" lon="120.984186"><ele>37.0</ele><time>2026-09-25T08:07:36+00:00</time></trkpt><trkpt lat="24.911268" lon="120.983961"><ele>36.4</ele><time>2026-09-25T08:07:40+00:00</time></trkpt><trkpt lat="24.911267" lon="120.983720"><ele>36.2</ele><time>2026-09-25T08:07:44+00:00</time></trkpt><trkpt lat="24.911259" lon="120.983477"><ele>36.6</ele><time>2026-09-25T08:07:48+00:00</time></trkpt><trkpt lat="24.911256" lon="120.983241"><ele>37.2</ele><time>2026-09-25T08:07:52+00:00</time></trkpt><trkpt lat="24.911256" lon="120.982997"><ele>37.2</ele><time>2026-09-25T08:07:56+00:00</time></trkpt><trkpt lat="24.911257" lon="120.982732"><ele>36.8</ele><time>2026-09-25T08:08:00+00:00</time></trkpt><trkpt lat="24.911255" lon="120.982479"><ele>36.4</ele><time>2026-09-25T08:08:04+00:00</time></trkpt><trkpt lat="24.911246" lon="120.982234"><ele>36.2</ele><time>2026-09-25T08:08:08+00:00</time></trkpt><trkpt lat="24.911204" lon="120.981993"><ele>36.0</ele><time>2026-09-25T08:08:12+00:00</time></trkpt><trkpt lat="24.911116" lon="120.981754"><ele>35.8</ele><time>2026-09-25T08:08:16+00:00</time></trkpt><trkpt lat="24.911031" lon="120.981567"><ele>35.6</ele><time>2026-09-25T08:08:20+00:00</time></trkpt><trkpt lat="24.910970" lon="120.981459"><ele>35.6</ele><time>2026-09-25T08:08:24+00:00</time></trkpt><trkpt lat="24.910945" lon="120.981365"><ele>35.6</ele><time>2026-09-25T08:08:28+00:00</time></trkpt><trkpt lat="24.911031" lon="120.981299"><ele>35.6</ele><time>2026-09-25T08:08:32+00:00</time></trkpt><trkpt lat="24.911172" lon="120.981242"><ele>35.6</ele><time>2026-09-25T08:08:36+00:00</time></trkpt><trkpt lat="24.911243" lon="120.981220"><ele>35.8</ele><time>2026-09-25T08:08:40+00:00</time></trkpt><trkpt lat="24.911225" lon="120.981005"><ele>36.0</ele><time>2026-09-25T08:09:36+00:00</time></trkpt><trkpt lat="24.911275" lon="120.980856"><ele>36.2</ele><time>2026-09-25T08:09:40+00:00</time></trkpt><trkpt lat="24.911324" lon="120.980689"><ele>36.4</ele><time>2026-09-25T08:09:44+00:00</time></trkpt><trkpt lat="24.911336" lon="120.980498"><ele>36.6</ele><time>2026-09-25T08:09:48+00:00</time></trkpt><trkpt lat="24.911342" lon="120.980295"><ele>36.6</ele><time>2026-09-25T08:09:52+00:00</time></trkpt><trkpt lat="24.911336" lon="120.980081"><ele>36.6</ele><time>2026-09-25T08:09:56+00:00</time></trkpt><trkpt lat="24.911320" lon="120.979857"><ele>36.6</ele><time>2026-09-25T08:10:00+00:00</time></trkpt><trkpt lat="24.911313" lon="120.979644"><ele>36.6</ele><time>2026-09-25T08:10:04+00:00</time></trkpt><trkpt lat="24.911325" lon="120.979459"><ele>36.8</ele><time>2026-09-25T08:10:08+00:00</time></trkpt><trkpt lat="24.911332" lon="120.979408"><ele>37.4</ele><time>2026-09-25T08:10:16+00:00</time></trkpt><trkpt lat="24.911297" lon="120.979296"><ele>37.4</ele><time>2026-09-25T08:10:21+00:00</time></trkpt><trkpt lat="24.911231" lon="120.979126"><ele>37.4</ele><time>2026-09-25T08:10:25+00:00</time></trkpt><trkpt lat="24.911070" lon="120.979003"><ele>37.0</ele><time>2026-09-25T08:10:29+00:00</time></trkpt><trkpt lat="24.910855" lon="120.978894"><ele>36.4</ele><time>2026-09-25T08:10:33+00:00</time></trkpt><trkpt lat="24.910633" lon="120.978765"><ele>36.0</ele><time>2026-09-25T08:10:37+00:00</time></trkpt><trkpt lat="24.910414" lon="120.978640"><ele>35.6</ele><time>2026-09-25T08:10:41+00:00</time></trkpt><trkpt lat="24.910208" lon="120.978525"><ele>35.6</ele><time>2026-09-25T08:10:45+00:00</time></trkpt><trkpt lat="24.910008" lon="120.978410"><ele>35.8</ele><time>2026-09-25T08:10:49+00:00</time></trkpt><trkpt lat="24.909813" lon="120.978290"><ele>36.0</ele><time>2026-09-25T08:10:53+00:00</time></trkpt><trkpt lat="24.909616" lon="120.978171"><ele>36.4</ele><time>2026-09-25T08:10:57+00:00</time></trkpt><trkpt lat="24.909419" lon="120.978038"><ele>36.6</ele><time>2026-09-25T08:11:01+00:00</time></trkpt><trkpt lat="24.909221" lon="120.977903"><ele>37.0</ele><time>2026-09-25T08:11:05+00:00</time></trkpt><trkpt lat="24.909020" lon="120.977770"><ele>37.4</ele><time>2026-09-25T08:11:09+00:00</time></trkpt><trkpt lat="24.908812" lon="120.977640"><ele>37.8</ele><time>2026-09-25T08:11:13+00:00</time></trkpt><trkpt lat="24.908611" lon="120.977497"><ele>38.0</ele><time>2026-09-25T08:11:17+00:00</time></trkpt><trkpt lat="24.908407" lon="120.977349"><ele>38.4</ele><time>2026-09-25T08:11:21+00:00</time></trkpt><trkpt lat="24.908197" lon="120.977193"><ele>38.6</ele><time>2026-09-25T08:11:25+00:00</time></trkpt><trkpt lat="24.907987" lon="120.977039"><ele>38.6</ele><time>2026-09-25T08:11:29+00:00</time></trkpt><trkpt lat="24.907787" lon="120.976882"><ele>38.8</ele><time>2026-09-25T08:11:33+00:00</time></trkpt><trkpt lat="24.907589" lon="120.976723"><ele>38.8</ele><time>2026-09-25T08:11:37+00:00</time></trkpt><trkpt lat="24.907393" lon="120.976560"><ele>38.6</ele><time>2026-09-25T08:11:41+00:00</time></trkpt><trkpt lat="24.907201" lon="120.976398"><ele>38.2</ele><time>2026-09-25T08:11:45+00:00</time></trkpt><trkpt lat="24.907010" lon="120.976234"><ele>37.6</ele><time>2026-09-25T08:11:49+00:00</time></trkpt><trkpt lat="24.906819" lon="120.976056"><ele>37.2</ele><time>2026-09-25T08:11:53+00:00</time></trkpt><trkpt lat="24.906618" lon="120.975875"><ele>36.6</ele><time>2026-09-25T08:11:57+00:00</time></trkpt><trkpt lat="24.906411" lon="120.975693"><ele>36.2</ele><time>2026-09-25T08:12:01+00:00</time></trkpt><trkpt lat="24.906210" lon="120.975510"><ele>35.8</ele><time>2026-09-25T08:12:05+00:00</time></trkpt><trkpt lat="24.906005" lon="120.975330"><ele>35.4</ele><time>2026-09-25T08:12:09+00:00</time></trkpt><trkpt lat="24.905792" lon="120.975149"><ele>35.0</ele><time>2026-09-25T08:12:13+00:00</time></trkpt><trkpt lat="24.905582" lon="120.974961"><ele>34.8</ele><time>2026-09-25T08:12:17+00:00</time></trkpt><trkpt lat="24.905367" lon="120.974769"><ele>34.6</ele><time>2026-09-25T08:12:21+00:00</time></trkpt><trkpt lat="24.905149" lon="120.974581"><ele>34.4</ele><time>2026-09-25T08:12:25+00:00</time></trkpt><trkpt lat="24.904941" lon="120.974402"><ele>34.4</ele><time>2026-09-25T08:12:29+00:00</time></trkpt><trkpt lat="24.904745" lon="120.974223"><ele>34.2</ele><time>2026-09-25T08:12:33+00:00</time></trkpt><trkpt lat="24.904545" lon="120.974046"><ele>34.2</ele><time>2026-09-25T08:12:37+00:00</time></trkpt><trkpt lat="24.904343" lon="120.973870"><ele>34.2</ele><time>2026-09-25T08:12:41+00:00</time></trkpt><trkpt lat="24.904150" lon="120.973696"><ele>34.2</ele><time>2026-09-25T08:12:45+00:00</time></trkpt><trkpt lat="24.903959" lon="120.973526"><ele>34.2</ele><time>2026-09-25T08:12:49+00:00</time></trkpt><trkpt lat="24.903772" lon="120.973363"><ele>34.2</ele><time>2026-09-25T08:12:53+00:00</time></trkpt><trkpt lat="24.903599" lon="120.973213"><ele>34.2</ele><time>2026-09-25T08:12:57+00:00</time></trkpt><trkpt lat="24.903436" lon="120.973081"><ele>34.4</ele><time>2026-09-25T08:13:01+00:00</time></trkpt><trkpt lat="24.903296" lon="120.972958"><ele>34.4</ele><time>2026-09-25T08:13:05+00:00</time></trkpt><trkpt lat="24.903172" lon="120.972867"><ele>34.4</ele><time>2026-09-25T08:13:09+00:00</time></trkpt><trkpt lat="24.903074" lon="120.972772"><ele>34.4</ele><time>2026-09-25T08:13:13+00:00</time></trkpt><trkpt lat="24.903000" lon="120.972691"><ele>34.4</ele><time>2026-09-25T08:13:17+00:00</time></trkpt><trkpt lat="24.902871" lon="120.972584"><ele>34.2</ele><time>2026-09-25T08:14:13+00:00</time></trkpt><trkpt lat="24.902710" lon="120.972441"><ele>34.4</ele><time>2026-09-25T08:14:17+00:00</time></trkpt><trkpt lat="24.902583" lon="120.972293"><ele>34.6</ele><time>2026-09-25T08:14:21+00:00</time></trkpt><trkpt lat="24.902476" lon="120.972113"><ele>34.8</ele><time>2026-09-25T08:14:25+00:00</time></trkpt><trkpt lat="24.902403" lon="120.971905"><ele>35.0</ele><time>2026-09-25T08:14:29+00:00</time></trkpt><trkpt lat="24.902326" lon="120.971699"><ele>35.2</ele><time>2026-09-25T08:14:33+00:00</time></trkpt><trkpt lat="24.902163" lon="120.971544"><ele>35.6</ele><time>2026-09-25T08:14:37+00:00</time></trkpt><trkpt lat="24.901946" lon="120.971442"><ele>35.8</ele><time>2026-09-25T08:14:41+00:00</time></trkpt><trkpt lat="24.901742" lon="120.971322"><ele>35.8</ele><time>2026-09-25T08:14:45+00:00</time></trkpt><trkpt lat="24.901545" lon="120.971198"><ele>36.0</ele><time>2026-09-25T08:14:49+00:00</time></trkpt><trkpt lat="24.901368" lon="120.971072"><ele>36.2</ele><time>2026-09-25T08:14:53+00:00</time></trkpt><trkpt lat="24.901205" lon="120.970949"><ele>36.4</ele><time>2026-09-25T08:14:57+00:00</time></trkpt><trkpt lat="24.901019" lon="120.970815"><ele>36.4</ele><time>2026-09-25T08:15:01+00:00</time></trkpt><trkpt lat="24.900835" lon="120.970665"><ele>36.6</ele><time>2026-09-25T08:15:05+00:00</time></trkpt><trkpt lat="24.900670" lon="120.970502"><ele>37.0</ele><time>2026-09-25T08:15:09+00:00</time></trkpt><trkpt lat="24.900489" lon="120.970349"><ele>37.4</ele><time>2026-09-25T08:15:13+00:00</time></trkpt><trkpt lat="24.900309" lon="120.970184"><ele>37.4</ele><time>2026-09-25T08:15:17+00:00</time></trkpt><trkpt lat="24.900140" lon="120.970013"><ele>37.6</ele><time>2026-09-25T08:15:21+00:00</time></trkpt><trkpt lat="24.899969" lon="120.969836"><ele>37.6</ele><time>2026-09-25T08:15:25+00:00</time></trkpt><trkpt lat="24.899790" lon="120.969656"><ele>37.8</ele><time>2026-09-25T08:15:29+00:00</time></trkpt><trkpt lat="24.899616" lon="120.969469"><ele>38.0</ele><time>2026-09-25T08:15:33+00:00</time></trkpt><trkpt lat="24.899451" lon="120.969281"><ele>38.2</ele><time>2026-09-25T08:15:37+00:00</time></trkpt><trkpt lat="24.899290" lon="120.969098"><ele>38.6</ele><time>2026-09-25T08:15:41+00:00</time></trkpt><trkpt lat="24.899130" lon="120.968918"><ele>39.0</ele><time>2026-09-25T08:15:45+00:00</time></trkpt><trkpt lat="24.898975" lon="120.968725"><ele>39.4</ele><time>2026-09-25T08:15:49+00:00</time></trkpt><trkpt lat="24.898817" lon="120.968538"><ele>39.4</ele><time>2026-09-25T08:15:53+00:00</time></trkpt><trkpt lat="24.898663" lon="120.968344"><ele>39.4</ele><time>2026-09-25T08:15:57+00:00</time></trkpt><trkpt lat="24.898505" lon="120.968134"><ele>39.4</ele><time>2026-09-25T08:16:01+00:00</time></trkpt><trkpt lat="24.898334" lon="120.967922"><ele>39.2</ele><time>2026-09-25T08:16:05+00:00</time></trkpt><trkpt lat="24.898167" lon="120.967710"><ele>39.6</ele><time>2026-09-25T08:16:09+00:00</time></trkpt><trkpt lat="24.898016" lon="120.967503"><ele>39.8</ele><time>2026-09-25T08:16:13+00:00</time></trkpt><trkpt lat="24.897862" lon="120.967298"><ele>40.0</ele><time>2026-09-25T08:16:17+00:00</time></trkpt><trkpt lat="24.897727" lon="120.967116"><ele>40.4</ele><time>2026-09-25T08:16:21+00:00</time></trkpt><trkpt lat="24.897649" lon="120.967010"><ele>40.6</ele><time>2026-09-25T08:16:25+00:00</time></trkpt><trkpt lat="24.897607" lon="120.966951"><ele>40.6</ele><time>2026-09-25T08:16:29+00:00</time></trkpt><trkpt lat="24.897560" lon="120.966895"><ele>40.8</ele><time>2026-09-25T08:16:33+00:00</time></trkpt><trkpt lat="24.897457" lon="120.966766"><ele>41.0</ele><time>2026-09-25T08:16:37+00:00</time></trkpt><trkpt lat="24.897325" lon="120.966590"><ele>41.0</ele><time>2026-09-25T08:16:41+00:00</time></trkpt><trkpt lat="24.897186" lon="120.966403"><ele>41.2</ele><time>2026-09-25T08:16:45+00:00</time></trkpt><trkpt lat="24.897041" lon="120.966212"><ele>41.6</ele><time>2026-09-25T08:16:49+00:00</time></trkpt><trkpt lat="24.896894" lon="120.966021"><ele>41.8</ele><time>2026-09-25T08:16:53+00:00</time></trkpt><trkpt lat="24.896748" lon="120.965829"><ele>42.0</ele><time>2026-09-25T08:16:57+00:00</time></trkpt><trkpt lat="24.896608" lon="120.965648"><ele>42.4</ele><time>2026-09-25T08:17:01+00:00</time></trkpt><trkpt lat="24.896467" lon="120.965470"><ele>42.6</ele><time>2026-09-25T08:17:05+00:00</time></trkpt><trkpt lat="24.896327" lon="120.965286"><ele>42.8</ele><time>2026-09-25T08:17:09+00:00</time></trkpt><trkpt lat="24.896195" lon="120.965110"><ele>43.0</ele><time>2026-09-25T08:17:13+00:00</time></trkpt><trkpt lat="24.896133" lon="120.964946"><ele>43.2</ele><time>2026-09-25T08:17:17+00:00</time></trkpt><trkpt lat="24.896019" lon="120.964779"><ele>43.4</ele><time>2026-09-25T08:17:21+00:00</time></trkpt><trkpt lat="24.895897" lon="120.964599"><ele>43.6</ele><time>2026-09-25T08:17:25+00:00</time></trkpt><trkpt lat="24.895776" lon="120.964407"><ele>44.0</ele><time>2026-09-25T08:17:29+00:00</time></trkpt><trkpt lat="24.895649" lon="120.964212"><ele>44.2</ele><time>2026-09-25T08:17:33+00:00</time></trkpt><trkpt lat="24.895503" lon="120.964023"><ele>44.4</ele><time>2026-09-25T08:17:37+00:00</time></trkpt><trkpt lat="24.895351" lon="120.963827"><ele>44.4</ele><time>2026-09-25T08:17:41+00:00</time></trkpt><trkpt lat="24.895197" lon="120.963629"><ele>44.6</ele><time>2026-09-25T08:17:45+00:00</time></trkpt><trkpt lat="24.895043" lon="120.963425"><ele>45.0</ele><time>2026-09-25T08:17:49+00:00</time></trkpt><trkpt lat="24.894888" lon="120.963218"><ele>45.2</ele><time>2026-09-25T08:17:53+00:00</time></trkpt><trkpt lat="24.894727" lon="120.963010"><ele>45.4</ele><time>2026-09-25T08:17:57+00:00</time></trkpt><trkpt lat="24.894568" lon="120.962805"><ele>45.6</ele><time>2026-09-25T08:18:01+00:00</time></trkpt><trkpt lat="24.894413" lon="120.962600"><ele>45.8</ele><time>2026-09-25T08:18:05+00:00</time></trkpt><trkpt lat="24.894253" lon="120.962400"><ele>46.0</ele><time>2026-09-25T08:18:09+00:00</time></trkpt><trkpt lat="24.894094" lon="120.962201"><ele>46.2</ele><time>2026-09-25T08:18:13+00:00</time></trkpt><trkpt lat="24.893933" lon="120.962011"><ele>46.4</ele><time>2026-09-25T08:18:17+00:00</time></trkpt><trkpt lat="24.893773" lon="120.961818"><ele>46.6</ele><time>2026-09-25T08:18:21+00:00</time></trkpt><trkpt lat="24.893606" lon="120.961623"><ele>46.8</ele><time>2026-09-25T08:18:25+00:00</time></trkpt><trkpt lat="24.893430" lon="120.961429"><ele>47.0</ele><time>2026-09-25T08:18:29+00:00</time></trkpt><trkpt lat="24.893253" lon="120.961232"><ele>47.0</ele><time>2026-09-25T08:18:33+00:00</time></trkpt><trkpt lat="24.893068" lon="120.961033"><ele>46.8</ele><time>2026-09-25T08:18:37+00:00</time></trkpt><trkpt lat="24.892864" lon="120.960841"><ele>46.6</ele><time>2026-09-25T08:18:41+00:00</time></trkpt><trkpt lat="24.892661" lon="120.960645"><ele>46.6</ele><time>2026-09-25T08:18:45+00:00</time></trkpt><trkpt lat="24.892465" lon="120.960453"><ele>46.6</ele><time>2026-09-25T08:18:49+00:00</time></trkpt><trkpt lat="24.892274" lon="120.960273"><ele>46.4</ele><time>2026-09-25T08:18:53+00:00</time></trkpt><trkpt lat="24.892083" lon="120.960101"><ele>46.4</ele><time>2026-09-25T08:18:57+00:00</time></trkpt><trkpt lat="24.891884" lon="120.959921"><ele>46.4</ele><time>2026-09-25T08:19:01+00:00</time></trkpt><trkpt lat="24.891679" lon="120.959749"><ele>46.2</ele><time>2026-09-25T08:19:05+00:00</time></trkpt><trkpt lat="24.891473" lon="120.959577"><ele>46.0</ele><time>2026-09-25T08:19:09+00:00</time></trkpt><trkpt lat="24.891267" lon="120.959405"><ele>46.0</ele><time>2026-09-25T08:19:13+00:00</time></trkpt><trkpt lat="24.891055" lon="120.959237"><ele>45.8</ele><time>2026-09-25T08:19:17+00:00</time></trkpt><trkpt lat="24.890843" lon="120.959080"><ele>45.8</ele><time>2026-09-25T08:19:21+00:00</time></trkpt><trkpt lat="24.890629" lon="120.958926"><ele>45.6</ele><time>2026-09-25T08:19:25+00:00</time></trkpt><trkpt lat="24.890414" lon="120.958771"><ele>45.4</ele><time>2026-09-25T08:19:29+00:00</time></trkpt><trkpt lat="24.890197" lon="120.958620"><ele>45.2</ele><time>2026-09-25T08:19:33+00:00</time></trkpt><trkpt lat="24.889976" lon="120.958472"><ele>45.2</ele><time>2026-09-25T08:19:37+00:00</time></trkpt><trkpt lat="24.889752" lon="120.958324"><ele>45.0</ele><time>2026-09-25T08:19:41+00:00</time></trkpt><trkpt lat="24.889524" lon="120.958179"><ele>45.0</ele><time>2026-09-25T08:19:45+00:00</time></trkpt><trkpt lat="24.889300" lon="120.958036"><ele>44.8</ele><time>2026-09-25T08:19:49+00:00</time></trkpt><trkpt lat="24.889069" lon="120.957901"><ele>44.8</ele><time>2026-09-25T08:19:53+00:00</time></trkpt><trkpt lat="24.888834" lon="120.957764"><ele>44.8</ele><time>2026-09-25T08:19:57+00:00</time></trkpt><trkpt lat="24.888597" lon="120.957637"><ele>44.6</ele><time>2026-09-25T08:20:01+00:00</time></trkpt><trkpt lat="24.888369" lon="120.957514"><ele>44.4</ele><time>2026-09-25T08:20:05+00:00</time></trkpt><trkpt lat="24.888146" lon="120.957395"><ele>44.4</ele><time>2026-09-25T08:20:09+00:00</time></trkpt><trkpt lat="24.887913" lon="120.957283"><ele>44.4</ele><time>2026-09-25T08:20:13+00:00</time></trkpt><trkpt lat="24.887672" lon="120.957173"><ele>44.4</ele><time>2026-09-25T08:20:17+00:00</time></trkpt><trkpt lat="24.887435" lon="120.957066"><ele>44.2</ele><time>2026-09-25T08:20:21+00:00</time></trkpt><trkpt lat="24.887203" lon="120.956962"><ele>44.2</ele><time>2026-09-25T08:20:25+00:00</time></trkpt><trkpt lat="24.886968" lon="120.956868"><ele>44.0</ele><time>2026-09-25T08:20:29+00:00</time></trkpt><trkpt lat="24.886732" lon="120.956772"><ele>43.8</ele><time>2026-09-25T08:20:33+00:00</time></trkpt><trkpt lat="24.886499" lon="120.956685"><ele>43.8</ele><time>2026-09-25T08:20:37+00:00</time></trkpt><trkpt lat="24.886274" lon="120.956601"><ele>43.6</ele><time>2026-09-25T08:20:41+00:00</time></trkpt><trkpt lat="24.886044" lon="120.956516"><ele>43.6</ele><time>2026-09-25T08:20:45+00:00</time></trkpt><trkpt lat="24.885808" lon="120.956427"><ele>43.6</ele><time>2026-09-25T08:20:49+00:00</time></trkpt><trkpt lat="24.885570" lon="120.956347"><ele>43.6</ele><time>2026-09-25T08:20:53+00:00</time></trkpt><trkpt lat="24.885329" lon="120.956272"><ele>43.6</ele><time>2026-09-25T08:20:57+00:00</time></trkpt><trkpt lat="24.885081" lon="120.956196"><ele>43.6</ele><time>2026-09-25T08:21:01+00:00</time></trkpt><trkpt lat="24.884837" lon="120.956131"><ele>43.6</ele><time>2026-09-25T08:21:05+00:00</time></trkpt><trkpt lat="24.884595" lon="120.956069"><ele>43.4</ele><time>2026-09-25T08:21:09+00:00</time></trkpt><trkpt lat="24.884356" lon="120.956001"><ele>43.4</ele><time>2026-09-25T08:21:13+00:00</time></trkpt><trkpt lat="24.884117" lon="120.955930"><ele>43.4</ele><time>2026-09-25T08:21:17+00:00</time></trkpt><trkpt lat="24.883871" lon="120.955863"><ele>43.4</ele><time>2026-09-25T08:21:21+00:00</time></trkpt><trkpt lat="24.883627" lon="120.955796"><ele>43.4</ele><time>2026-09-25T08:21:25+00:00</time></trkpt><trkpt lat="24.883382" lon="120.955731"><ele>43.4</ele><time>2026-09-25T08:21:29+00:00</time></trkpt><trkpt lat="24.883134" lon="120.955664"><ele>43.4</ele><time>2026-09-25T08:21:33+00:00</time></trkpt><trkpt lat="24.882887" lon="120.955594"><ele>43.4</ele><time>2026-09-25T08:21:37+00:00</time></trkpt><trkpt lat="24.882644" lon="120.955524"><ele>43.4</ele><time>2026-09-25T08:21:41+00:00</time></trkpt><trkpt lat="24.882402" lon="120.955461"><ele>43.4</ele><time>2026-09-25T08:21:45+00:00</time></trkpt><trkpt lat="24.882161" lon="120.955402"><ele>43.4</ele><time>2026-09-25T08:21:49+00:00</time></trkpt><trkpt lat="24.881931" lon="120.955356"><ele>43.4</ele><time>2026-09-25T08:21:53+00:00</time></trkpt><trkpt lat="24.881712" lon="120.955330"><ele>43.4</ele><time>2026-09-25T08:21:57+00:00</time></trkpt><trkpt lat="24.881518" lon="120.955265"><ele>43.2</ele><time>2026-09-25T08:22:01+00:00</time></trkpt><trkpt lat="24.881352" lon="120.955157"><ele>43.0</ele><time>2026-09-25T08:22:05+00:00</time></trkpt><trkpt lat="24.881167" lon="120.955118"><ele>42.8</ele><time>2026-09-25T08:22:09+00:00</time></trkpt><trkpt lat="24.880953" lon="120.955064"><ele>43.0</ele><time>2026-09-25T08:22:13+00:00</time></trkpt><trkpt lat="24.880716" lon="120.955005"><ele>43.0</ele><time>2026-09-25T08:22:17+00:00</time></trkpt><trkpt lat="24.880470" lon="120.954950"><ele>42.8</ele><time>2026-09-25T08:22:21+00:00</time></trkpt><trkpt lat="24.880215" lon="120.954886"><ele>42.6</ele><time>2026-09-25T08:22:25+00:00</time></trkpt><trkpt lat="24.879951" lon="120.954815"><ele>42.2</ele><time>2026-09-25T08:22:29+00:00</time></trkpt><trkpt lat="24.879683" lon="120.954737"><ele>42.0</ele><time>2026-09-25T08:22:33+00:00</time></trkpt><trkpt lat="24.879414" lon="120.954661"><ele>41.8</ele><time>2026-09-25T08:22:37+00:00</time></trkpt><trkpt lat="24.879144" lon="120.954589"><ele>41.6</ele><time>2026-09-25T08:22:41+00:00</time></trkpt><trkpt lat="24.878879" lon="120.954515"><ele>41.2</ele><time>2026-09-25T08:22:45+00:00</time></trkpt><trkpt lat="24.878611" lon="120.954442"><ele>40.8</ele><time>2026-09-25T08:22:49+00:00</time></trkpt><trkpt lat="24.878344" lon="120.954372"><ele>40.4</ele><time>2026-09-25T08:22:53+00:00</time></trkpt><trkpt lat="24.878081" lon="120.954293"><ele>40.2</ele><time>2026-09-25T08:22:57+00:00</time></trkpt><trkpt lat="24.877817" lon="120.954229"><ele>39.8</ele><time>2026-09-25T08:23:01+00:00</time></trkpt><trkpt lat="24.877545" lon="120.954202"><ele>39.4</ele><time>2026-09-25T08:23:05+00:00</time></trkpt><trkpt lat="24.877286" lon="120.954174"><ele>39.2</ele><time>2026-09-25T08:23:09+00:00</time></trkpt><trkpt lat="24.877048" lon="120.954128"><ele>39.0</ele><time>2026-09-25T08:23:13+00:00</time></trkpt><trkpt lat="24.876856" lon="120.954092"><ele>38.8</ele><time>2026-09-25T08:23:17+00:00</time></trkpt><trkpt lat="24.876716" lon="120.954072"><ele>38.8</ele><time>2026-09-25T08:23:21+00:00</time></trkpt><trkpt lat="24.876495" lon="120.954061"><ele>39.0</ele><time>2026-09-25T08:23:46+00:00</time></trkpt><trkpt lat="24.876304" lon="120.954033"><ele>39.2</ele><time>2026-09-25T08:23:50+00:00</time></trkpt><trkpt lat="24.876273" lon="120.954029"><ele>39.6</ele><time>2026-09-25T08:24:00+00:00</time></trkpt><trkpt lat="24.876127" lon="120.953990"><ele>39.8</ele><time>2026-09-25T08:25:49+00:00</time></trkpt><trkpt lat="24.876004" lon="120.953989"><ele>39.8</ele><time>2026-09-25T08:25:53+00:00</time></trkpt><trkpt lat="24.875899" lon="120.953978"><ele>39.8</ele><time>2026-09-25T08:25:57+00:00</time></trkpt><trkpt lat="24.875758" lon="120.953957"><ele>39.6</ele><time>2026-09-25T08:26:01+00:00</time></trkpt><trkpt lat="24.875605" lon="120.953935"><ele>39.6</ele><time>2026-09-25T08:26:05+00:00</time></trkpt><trkpt lat="24.875330" lon="120.953895"><ele>39.6</ele><time>2026-09-25T08:28:33+00:00</time></trkpt><trkpt lat="24.875143" lon="120.953887"><ele>39.2</ele><time>2026-09-25T08:28:37+00:00</time></trkpt><trkpt lat="24.874949" lon="120.953868"><ele>38.8</ele><time>2026-09-25T08:28:41+00:00</time></trkpt><trkpt lat="24.874808" lon="120.953845"><ele>38.4</ele><time>2026-09-25T08:28:45+00:00</time></trkpt><trkpt lat="24.874734" lon="120.953838"><ele>38.0</ele><time>2026-09-25T08:28:49+00:00</time></trkpt><trkpt lat="24.874685" lon="120.953833"><ele>37.8</ele><time>2026-09-25T08:28:53+00:00</time></trkpt><trkpt lat="24.874430" lon="120.953823"><ele>37.8</ele><time>2026-09-25T08:29:14+00:00</time></trkpt><trkpt lat="24.874263" lon="120.953809"><ele>37.6</ele><time>2026-09-25T08:29:18+00:00</time></trkpt><trkpt lat="24.874095" lon="120.953790"><ele>37.6</ele><time>2026-09-25T08:29:22+00:00</time></trkpt><trkpt lat="24.873906" lon="120.953772"><ele>37.4</ele><time>2026-09-25T08:29:26+00:00</time></trkpt><trkpt lat="24.873709" lon="120.953747"><ele>37.4</ele><time>2026-09-25T08:29:30+00:00</time></trkpt><trkpt lat="24.873503" lon="120.953728"><ele>37.4</ele><time>2026-09-25T08:29:34+00:00</time></trkpt><trkpt lat="24.873283" lon="120.953708"><ele>37.4</ele><time>2026-09-25T08:29:38+00:00</time></trkpt><trkpt lat="24.873060" lon="120.953691"><ele>37.4</ele><time>2026-09-25T08:29:42+00:00</time></trkpt><trkpt lat="24.872837" lon="120.953658"><ele>37.4</ele><time>2026-09-25T08:29:46+00:00</time></trkpt><trkpt lat="24.872613" lon="120.953632"><ele>37.4</ele><time>2026-09-25T08:29:50+00:00</time></trkpt><trkpt lat="24.872387" lon="120.953605"><ele>37.6</ele><time>2026-09-25T08:29:54+00:00</time></trkpt><trkpt lat="24.872156" lon="120.953582"><ele>37.6</ele><time>2026-09-25T08:29:58+00:00</time></trkpt><trkpt lat="24.871925" lon="120.953561"><ele>37.6</ele><time>2026-09-25T08:30:02+00:00</time></trkpt><trkpt lat="24.871693" lon="120.953535"><ele>37.6</ele><time>2026-09-25T08:30:06+00:00</time></trkpt><trkpt lat="24.871454" lon="120.953509"><ele>37.6</ele><time>2026-09-25T08:30:10+00:00</time></trkpt><trkpt lat="24.871208" lon="120.953481"><ele>37.4</ele><time>2026-09-25T08:30:14+00:00</time></trkpt><trkpt lat="24.870956" lon="120.953456"><ele>37.4</ele><time>2026-09-25T08:30:18+00:00</time></trkpt><trkpt lat="24.870691" lon="120.953424"><ele>37.2</ele><time>2026-09-25T08:30:22+00:00</time></trkpt><trkpt lat="24.870411" lon="120.953393"><ele>36.8</ele><time>2026-09-25T08:30:26+00:00</time></trkpt><trkpt lat="24.870128" lon="120.953364"><ele>36.4</ele><time>2026-09-25T08:30:30+00:00</time></trkpt><trkpt lat="24.869848" lon="120.953336"><ele>36.4</ele><time>2026-09-25T08:30:34+00:00</time></trkpt><trkpt lat="24.869579" lon="120.953310"><ele>36.6</ele><time>2026-09-25T08:30:38+00:00</time></trkpt><trkpt lat="24.869325" lon="120.953276"><ele>36.8</ele><time>2026-09-25T08:30:42+00:00</time></trkpt><trkpt lat="24.869070" lon="120.953244"><ele>37.0</ele><time>2026-09-25T08:30:46+00:00</time></trkpt><trkpt lat="24.868814" lon="120.953218"><ele>37.2</ele><time>2026-09-25T08:30:50+00:00</time></trkpt><trkpt lat="24.868579" lon="120.953194"><ele>37.0</ele><time>2026-09-25T08:30:54+00:00</time></trkpt><trkpt lat="24.868424" lon="120.953178"><ele>37.0</ele><time>2026-09-25T08:30:58+00:00</time></trkpt><trkpt lat="24.868276" lon="120.953162"><ele>37.2</ele><time>2026-09-25T08:31:02+00:00</time></trkpt><trkpt lat="24.868092" lon="120.953142"><ele>37.2</ele><time>2026-09-25T08:31:06+00:00</time></trkpt><trkpt lat="24.867884" lon="120.953119"><ele>37.4</ele><time>2026-09-25T08:31:10+00:00</time></trkpt><trkpt lat="24.867671" lon="120.953088"><ele>37.4</ele><time>2026-09-25T08:31:14+00:00</time></trkpt><trkpt lat="24.867445" lon="120.953062"><ele>37.4</ele><time>2026-09-25T08:31:18+00:00</time></trkpt><trkpt lat="24.867239" lon="120.953036"><ele>37.2</ele><time>2026-09-25T08:31:22+00:00</time></trkpt><trkpt lat="24.867088" lon="120.953008"><ele>37.2</ele><time>2026-09-25T08:31:26+00:00</time></trkpt><trkpt lat="24.866988" lon="120.952970"><ele>37.2</ele><time>2026-09-25T08:31:30+00:00</time></trkpt><trkpt lat="24.866899" lon="120.952983"><ele>37.4</ele><time>2026-09-25T08:31:34+00:00</time></trkpt><trkpt lat="24.866803" lon="120.952985"><ele>37.4</ele><time>2026-09-25T08:31:38+00:00</time></trkpt><trkpt lat="24.866599" lon="120.952959"><ele>37.4</ele><time>2026-09-25T08:32:10+00:00</time></trkpt><trkpt lat="24.866419" lon="120.952939"><ele>37.6</ele><time>2026-09-25T08:32:14+00:00</time></trkpt><trkpt lat="24.866227" lon="120.952896"><ele>37.4</ele><time>2026-09-25T08:32:18+00:00</time></trkpt><trkpt lat="24.866015" lon="120.952844"><ele>37.4</ele><time>2026-09-25T08:32:22+00:00</time></trkpt><trkpt lat="24.865794" lon="120.952792"><ele>37.6</ele><time>2026-09-25T08:32:26+00:00</time></trkpt><trkpt lat="24.865571" lon="120.952733"><ele>37.8</ele><time>2026-09-25T08:32:30+00:00</time></trkpt><trkpt lat="24.865347" lon="120.952680"><ele>37.8</ele><time>2026-09-25T08:32:34+00:00</time></trkpt><trkpt lat="24.865119" lon="120.952621"><ele>37.6</ele><time>2026-09-25T08:32:38+00:00</time></trkpt><trkpt lat="24.864890" lon="120.952557"><ele>37.6</ele><time>2026-09-25T08:32:42+00:00</time></trkpt><trkpt lat="24.864662" lon="120.952489"><ele>37.6</ele><time>2026-09-25T08:32:46+00:00</time></trkpt><trkpt lat="24.864435" lon="120.952417"><ele>37.6</ele><time>2026-09-25T08:32:50+00:00</time></trkpt><trkpt lat="24.864212" lon="120.952347"><ele>37.6</ele><time>2026-09-25T08:32:54+00:00</time></trkpt><trkpt lat="24.863988" lon="120.952274"><ele>37.4</ele><time>2026-09-25T08:32:58+00:00</time></trkpt><trkpt lat="24.863763" lon="120.952196"><ele>37.2</ele><time>2026-09-25T08:33:02+00:00</time></trkpt><trkpt lat="24.863544" lon="120.952119"><ele>36.8</ele><time>2026-09-25T08:33:06+00:00</time></trkpt><trkpt lat="24.863327" lon="120.952030"><ele>36.8</ele><time>2026-09-25T08:33:10+00:00</time></trkpt><trkpt lat="24.863120" lon="120.951947"><ele>36.8</ele><time>2026-09-25T08:33:14+00:00</time></trkpt><trkpt lat="24.862926" lon="120.951865"><ele>37.0</ele><time>2026-09-25T08:33:18+00:00</time></trkpt><trkpt lat="24.862726" lon="120.951778"><ele>37.0</ele><time>2026-09-25T08:33:22+00:00</time></trkpt><trkpt lat="24.862510" lon="120.951679"><ele>36.8</ele><time>2026-09-25T08:33:26+00:00</time></trkpt><trkpt lat="24.862290" lon="120.951574"><ele>37.0</ele><time>2026-09-25T08:33:30+00:00</time></trkpt><trkpt lat="24.862078" lon="120.951441"><ele>37.2</ele><time>2026-09-25T08:33:34+00:00</time></trkpt><trkpt lat="24.861881" lon="120.951277"><ele>37.4</ele><time>2026-09-25T08:33:38+00:00</time></trkpt><trkpt lat="24.861683" lon="120.951116"><ele>37.6</ele><time>2026-09-25T08:33:42+00:00</time></trkpt><trkpt lat="24.861481" lon="120.950999"><ele>37.8</ele><time>2026-09-25T08:33:46+00:00</time></trkpt><trkpt lat="24.861270" lon="120.950934"><ele>38.2</ele><time>2026-09-25T08:33:50+00:00</time></trkpt><trkpt lat="24.861083" lon="120.950888"><ele>39.0</ele><time>2026-09-25T08:33:54+00:00</time></trkpt><trkpt lat="24.860908" lon="120.950823"><ele>40.0</ele><time>2026-09-25T08:33:58+00:00</time></trkpt><trkpt lat="24.860721" lon="120.950721"><ele>41.2</ele><time>2026-09-25T08:34:02+00:00</time></trkpt><trkpt lat="24.860508" lon="120.950591"><ele>42.2</ele><time>2026-09-25T08:34:06+00:00</time></trkpt><trkpt lat="24.860293" lon="120.950448"><ele>42.8</ele><time>2026-09-25T08:34:10+00:00</time></trkpt><trkpt lat="24.860087" lon="120.950315"><ele>43.2</ele><time>2026-09-25T08:34:14+00:00</time></trkpt><trkpt lat="24.859883" lon="120.950173"><ele>43.2</ele><time>2026-09-25T08:34:18+00:00</time></trkpt><trkpt lat="24.859673" lon="120.950026"><ele>43.0</ele><time>2026-09-25T08:34:22+00:00</time></trkpt><trkpt lat="24.859462" lon="120.949878"><ele>42.8</ele><time>2026-09-25T08:34:26+00:00</time></trkpt><trkpt lat="24.859257" lon="120.949723"><ele>43.0</ele><time>2026-09-25T08:34:30+00:00</time></trkpt><trkpt lat="24.859057" lon="120.949563"><ele>43.0</ele><time>2026-09-25T08:34:34+00:00</time></trkpt><trkpt lat="24.858855" lon="120.949405"><ele>43.2</ele><time>2026-09-25T08:34:38+00:00</time></trkpt><trkpt lat="24.858653" lon="120.949239"><ele>43.4</ele><time>2026-09-25T08:34:42+00:00</time></trkpt><trkpt lat="24.858446" lon="120.949066"><ele>43.4</ele><time>2026-09-25T08:34:46+00:00</time></trkpt><trkpt lat="24.858236" lon="120.948884"><ele>43.4</ele><time>2026-09-25T08:34:50+00:00</time></trkpt><trkpt lat="24.858025" lon="120.948695"><ele>43.4</ele><time>2026-09-25T08:34:54+00:00</time></trkpt><trkpt lat="24.857815" lon="120.948505"><ele>43.4</ele><time>2026-09-25T08:34:58+00:00</time></trkpt><trkpt lat="24.857607" lon="120.948313"><ele>43.4</ele><time>2026-09-25T08:35:02+00:00</time></trkpt><trkpt lat="24.857402" lon="120.948119"><ele>43.4</ele><time>2026-09-25T08:35:06+00:00</time></trkpt><trkpt lat="24.857203" lon="120.947930"><ele>43.0</ele><time>2026-09-25T08:35:10+00:00</time></trkpt><trkpt lat="24.857004" lon="120.947735"><ele>42.4</ele><time>2026-09-25T08:35:14+00:00</time></trkpt><trkpt lat="24.856800" lon="120.947521"><ele>41.6</ele><time>2026-09-25T08:35:18+00:00</time></trkpt><trkpt lat="24.856583" lon="120.947290"><ele>40.6</ele><time>2026-09-25T08:35:22+00:00</time></trkpt><trkpt lat="24.856350" lon="120.947050"><ele>39.4</ele><time>2026-09-25T08:35:26+00:00</time></trkpt><trkpt lat="24.856114" lon="120.946809"><ele>38.6</ele><time>2026-09-25T08:35:30+00:00</time></trkpt><trkpt lat="24.855891" lon="120.946598"><ele>38.2</ele><time>2026-09-25T08:35:34+00:00</time></trkpt><trkpt lat="24.855713" lon="120.946441"><ele>38.0</ele><time>2026-09-25T08:35:38+00:00</time></trkpt><trkpt lat="24.855577" lon="120.946297"><ele>37.8</ele><time>2026-09-25T08:35:42+00:00</time></trkpt><trkpt lat="24.855454" lon="120.946150"><ele>37.8</ele><time>2026-09-25T08:35:46+00:00</time></trkpt><trkpt lat="24.855326" lon="120.946020"><ele>37.6</ele><time>2026-09-25T08:35:50+00:00</time></trkpt><trkpt lat="24.855205" lon="120.945911"><ele>37.6</ele><time>2026-09-25T08:35:54+00:00</time></trkpt><trkpt lat="24.855086" lon="120.945791"><ele>37.4</ele><time>2026-09-25T08:36:12+00:00</time></trkpt><trkpt lat="24.854952" lon="120.945640"><ele>37.4</ele><time>2026-09-25T08:36:16+00:00</time></trkpt><trkpt lat="24.854826" lon="120.945510"><ele>37.2</ele><time>2026-09-25T08:36:20+00:00</time></trkpt><trkpt lat="24.854684" lon="120.945371"><ele>37.4</ele><time>2026-09-25T08:36:24+00:00</time></trkpt><trkpt lat="24.854536" lon="120.945210"><ele>37.4</ele><time>2026-09-25T08:36:28+00:00</time></trkpt><trkpt lat="24.854379" lon="120.945045"><ele>37.6</ele><time>2026-09-25T08:36:32+00:00</time></trkpt><trkpt lat="24.854214" lon="120.944871"><ele>37.6</ele><time>2026-09-25T08:36:36+00:00</time></trkpt><trkpt lat="24.854030" lon="120.944678"><ele>37.2</ele><time>2026-09-25T08:36:40+00:00</time></trkpt><trkpt lat="24.853839" lon="120.944480"><ele>36.8</ele><time>2026-09-25T08:36:44+00:00</time></trkpt><trkpt lat="24.853655" lon="120.944285"><ele>36.4</ele><time>2026-09-25T08:36:48+00:00</time></trkpt><trkpt lat="24.853479" lon="120.944103"><ele>36.2</ele><time>2026-09-25T08:36:52+00:00</time></trkpt><trkpt lat="24.853315" lon="120.943934"><ele>36.2</ele><time>2026-09-25T08:36:56+00:00</time></trkpt><trkpt lat="24.853151" lon="120.943766"><ele>36.2</ele><time>2026-09-25T08:37:00+00:00</time></trkpt><trkpt lat="24.852976" lon="120.943601"><ele>36.0</ele><time>2026-09-25T08:37:04+00:00</time></trkpt><trkpt lat="24.852796" lon="120.943428"><ele>36.0</ele><time>2026-09-25T08:37:08+00:00</time></trkpt><trkpt lat="24.852609" lon="120.943252"><ele>36.2</ele><time>2026-09-25T08:37:12+00:00</time></trkpt><trkpt lat="24.852425" lon="120.943078"><ele>36.4</ele><time>2026-09-25T08:37:16+00:00</time></trkpt><trkpt lat="24.852239" lon="120.942915"><ele>36.6</ele><time>2026-09-25T08:37:20+00:00</time></trkpt><trkpt lat="24.852053" lon="120.942745"><ele>37.0</ele><time>2026-09-25T08:37:24+00:00</time></trkpt><trkpt lat="24.851862" lon="120.942574"><ele>37.6</ele><time>2026-09-25T08:37:28+00:00</time></trkpt><trkpt lat="24.851670" lon="120.942396"><ele>38.6</ele><time>2026-09-25T08:37:32+00:00</time></trkpt><trkpt lat="24.851473" lon="120.942214"><ele>39.4</ele><time>2026-09-25T08:37:36+00:00</time></trkpt><trkpt lat="24.851270" lon="120.942035"><ele>40.2</ele><time>2026-09-25T08:37:40+00:00</time></trkpt><trkpt lat="24.851072" lon="120.941857"><ele>40.8</ele><time>2026-09-25T08:37:44+00:00</time></trkpt><trkpt lat="24.850877" lon="120.941685"><ele>41.2</ele><time>2026-09-25T08:37:48+00:00</time></trkpt><trkpt lat="24.850685" lon="120.941518"><ele>41.4</ele><time>2026-09-25T08:37:52+00:00</time></trkpt><trkpt lat="24.850495" lon="120.941352"><ele>41.6</ele><time>2026-09-25T08:37:56+00:00</time></trkpt><trkpt lat="24.850321" lon="120.941194"><ele>41.8</ele><time>2026-09-25T08:38:00+00:00</time></trkpt><trkpt lat="24.850162" lon="120.941052"><ele>41.8</ele><time>2026-09-25T08:38:04+00:00</time></trkpt><trkpt lat="24.850010" lon="120.940914"><ele>41.8</ele><time>2026-09-25T08:38:08+00:00</time></trkpt><trkpt lat="24.849863" lon="120.940785"><ele>41.6</ele><time>2026-09-25T08:38:12+00:00</time></trkpt><trkpt lat="24.849705" lon="120.940642"><ele>41.6</ele><time>2026-09-25T08:38:16+00:00</time></trkpt><trkpt lat="24.849526" lon="120.940475"><ele>41.6</ele><time>2026-09-25T08:38:20+00:00</time></trkpt><trkpt lat="24.849340" lon="120.940311"><ele>41.8</ele><time>2026-09-25T08:38:24+00:00</time></trkpt><trkpt lat="24.849155" lon="120.940145"><ele>41.8</ele><time>2026-09-25T08:38:28+00:00</time></trkpt><trkpt lat="24.848966" lon="120.939977"><ele>41.8</ele><time>2026-09-25T08:38:32+00:00</time></trkpt><trkpt lat="24.848779" lon="120.939807"><ele>42.0</ele><time>2026-09-25T08:38:36+00:00</time></trkpt><trkpt lat="24.848589" lon="120.939637"><ele>42.0</ele><time>2026-09-25T08:38:40+00:00</time></trkpt><trkpt lat="24.848395" lon="120.939464"><ele>42.0</ele><time>2026-09-25T08:38:44+00:00</time></trkpt><trkpt lat="24.848195" lon="120.939286"><ele>42.2</ele><time>2026-09-25T08:38:48+00:00</time></trkpt><trkpt lat="24.847998" lon="120.939106"><ele>42.4</ele><time>2026-09-25T08:38:52+00:00</time></trkpt><trkpt lat="24.847798" lon="120.938929"><ele>42.2</ele><time>2026-09-25T08:38:56+00:00</time></trkpt><trkpt lat="24.847605" lon="120.938758"><ele>42.0</ele><time>2026-09-25T08:39:00+00:00</time></trkpt><trkpt lat="24.847422" lon="120.938591"><ele>42.0</ele><time>2026-09-25T08:39:04+00:00</time></trkpt><trkpt lat="24.847245" lon="120.938432"><ele>42.0</ele><time>2026-09-25T08:39:08+00:00</time></trkpt><trkpt lat="24.847072" lon="120.938285"><ele>41.8</ele><time>2026-09-25T08:39:12+00:00</time></trkpt><trkpt lat="24.846899" lon="120.938130"><ele>41.8</ele><time>2026-09-25T08:39:16+00:00</time></trkpt><trkpt lat="24.846722" lon="120.937970"><ele>41.8</ele><time>2026-09-25T08:39:20+00:00</time></trkpt><trkpt lat="24.846536" lon="120.937802"><ele>41.6</ele><time>2026-09-25T08:39:24+00:00</time></trkpt><trkpt lat="24.846343" lon="120.937630"><ele>41.6</ele><time>2026-09-25T08:39:28+00:00</time></trkpt><trkpt lat="24.846147" lon="120.937456"><ele>41.6</ele><time>2026-09-25T08:39:32+00:00</time></trkpt><trkpt lat="24.845951" lon="120.937279"><ele>41.8</ele><time>2026-09-25T08:39:36+00:00</time></trkpt><trkpt lat="24.845749" lon="120.937100"><ele>41.8</ele><time>2026-09-25T08:39:40+00:00</time></trkpt><trkpt lat="24.845549" lon="120.936916"><ele>42.0</ele><time>2026-09-25T08:39:44+00:00</time></trkpt><trkpt lat="24.845369" lon="120.936724"><ele>42.0</ele><time>2026-09-25T08:39:48+00:00</time></trkpt><trkpt lat="24.845183" lon="120.936541"><ele>41.8</ele><time>2026-09-25T08:39:52+00:00</time></trkpt><trkpt lat="24.844981" lon="120.936363"><ele>41.6</ele><time>2026-09-25T08:39:56+00:00</time></trkpt><trkpt lat="24.844786" lon="120.936190"><ele>41.6</ele><time>2026-09-25T08:40:00+00:00</time></trkpt><trkpt lat="24.844602" lon="120.936024"><ele>41.6</ele><time>2026-09-25T08:40:04+00:00</time></trkpt><trkpt lat="24.844422" lon="120.935864"><ele>41.4</ele><time>2026-09-25T08:40:08+00:00</time></trkpt><trkpt lat="24.844243" lon="120.935710"><ele>41.4</ele><time>2026-09-25T08:40:12+00:00</time></trkpt><trkpt lat="24.844068" lon="120.935548"><ele>41.4</ele><time>2026-09-25T08:40:16+00:00</time></trkpt><trkpt lat="24.843887" lon="120.935375"><ele>41.4</ele><time>2026-09-25T08:40:20+00:00</time></trkpt><trkpt lat="24.843699" lon="120.935202"><ele>40.8</ele><time>2026-09-25T08:40:24+00:00</time></trkpt><trkpt lat="24.843504" lon="120.935025"><ele>40.4</ele><time>2026-09-25T08:40:28+00:00</time></trkpt><trkpt lat="24.843298" lon="120.934844"><ele>39.8</ele><time>2026-09-25T08:40:32+00:00</time></trkpt><trkpt lat="24.843093" lon="120.934655"><ele>39.0</ele><time>2026-09-25T08:40:36+00:00</time></trkpt><trkpt lat="24.842904" lon="120.934483"><ele>37.8</ele><time>2026-09-25T08:40:40+00:00</time></trkpt><trkpt lat="24.842754" lon="120.934348"><ele>37.0</ele><time>2026-09-25T08:40:44+00:00</time></trkpt><trkpt lat="24.842632" lon="120.934236"><ele>36.2</ele><time>2026-09-25T08:40:48+00:00</time></trkpt><trkpt lat="24.842534" lon="120.934154"><ele>35.6</ele><time>2026-09-25T08:40:52+00:00</time></trkpt><trkpt lat="24.842483" lon="120.934081"><ele>35.2</ele><time>2026-09-25T08:40:56+00:00</time></trkpt><trkpt lat="24.842454" lon="120.933983"><ele>35.0</ele><time>2026-09-25T08:41:00+00:00</time></trkpt><trkpt lat="24.842409" lon="120.933963"><ele>35.0</ele><time>2026-09-25T08:41:04+00:00</time></trkpt><trkpt lat="24.842315" lon="120.934240"><ele>34.6</ele><time>2026-09-25T08:43:22+00:00</time></trkpt><trkpt lat="24.842264" lon="120.934374"><ele>34.4</ele><time>2026-09-25T08:43:26+00:00</time></trkpt><trkpt lat="24.842185" lon="120.934521"><ele>34.2</ele><time>2026-09-25T08:43:30+00:00</time></trkpt><trkpt lat="24.842086" lon="120.934698"><ele>34.4</ele><time>2026-09-25T08:43:34+00:00</time></trkpt><trkpt lat="24.842001" lon="120.934857"><ele>34.6</ele><time>2026-09-25T08:43:38+00:00</time></trkpt><trkpt lat="24.841913" lon="120.935004"><ele>34.6</ele><time>2026-09-25T08:43:42+00:00</time></trkpt><trkpt lat="24.841812" lon="120.935172"><ele>34.6</ele><time>2026-09-25T08:43:46+00:00</time></trkpt><trkpt lat="24.841728" lon="120.935335"><ele>34.6</ele><time>2026-09-25T08:43:50+00:00</time></trkpt><trkpt lat="24.841639" lon="120.935505"><ele>34.6</ele><time>2026-09-25T08:43:54+00:00</time></trkpt><trkpt lat="24.841546" lon="120.935683"><ele>34.6</ele><time>2026-09-25T08:43:58+00:00</time></trkpt><trkpt lat="24.841457" lon="120.935853"><ele>34.4</ele><time>2026-09-25T08:44:02+00:00</time></trkpt><trkpt lat="24.841376" lon="120.936016"><ele>34.6</ele><time>2026-09-25T08:44:06+00:00</time></trkpt><trkpt lat="24.841273" lon="120.936192"><ele>34.8</ele><time>2026-09-25T08:44:10+00:00</time></trkpt><trkpt lat="24.841173" lon="120.936390"><ele>34.8</ele><time>2026-09-25T08:44:14+00:00</time></trkpt><trkpt lat="24.841071" lon="120.936591"><ele>34.8</ele><time>2026-09-25T08:44:18+00:00</time></trkpt><trkpt lat="24.840961" lon="120.936803"><ele>35.0</ele><time>2026-09-25T08:44:22+00:00</time></trkpt><trkpt lat="24.840825" lon="120.937000"><ele>35.2</ele><time>2026-09-25T08:44:26+00:00</time></trkpt><trkpt lat="24.840677" lon="120.937206"><ele>35.2</ele><time>2026-09-25T08:44:30+00:00</time></trkpt><trkpt lat="24.840535" lon="120.937417"><ele>35.2</ele><time>2026-09-25T08:44:34+00:00</time></trkpt><trkpt lat="24.840393" lon="120.937628"><ele>35.4</ele><time>2026-09-25T08:44:38+00:00</time></trkpt><trkpt lat="24.840260" lon="120.937827"><ele>35.4</ele><time>2026-09-25T08:44:42+00:00</time></trkpt><trkpt lat="24.840120" lon="120.938015"><ele>35.6</ele><time>2026-09-25T08:44:46+00:00</time></trkpt><trkpt lat="24.839981" lon="120.938211"><ele>35.6</ele><time>2026-09-25T08:44:50+00:00</time></trkpt><trkpt lat="24.839834" lon="120.938418"><ele>35.6</ele><time>2026-09-25T08:44:54+00:00</time></trkpt><trkpt lat="24.839693" lon="120.938619"><ele>35.6</ele><time>2026-09-25T08:44:58+00:00</time></trkpt><trkpt lat="24.839552" lon="120.938818"><ele>35.6</ele><time>2026-09-25T08:45:02+00:00</time></trkpt><trkpt lat="24.839413" lon="120.939023"><ele>35.6</ele><time>2026-09-25T08:45:06+00:00</time></trkpt><trkpt lat="24.839278" lon="120.939231"><ele>35.6</ele><time>2026-09-25T08:45:10+00:00</time></trkpt><trkpt lat="24.839155" lon="120.939397"><ele>35.6</ele><time>2026-09-25T08:45:14+00:00</time></trkpt><trkpt lat="24.839018" lon="120.939563"><ele>35.6</ele><time>2026-09-25T08:45:18+00:00</time></trkpt><trkpt lat="24.838887" lon="120.939749"><ele>35.6</ele><time>2026-09-25T08:45:22+00:00</time></trkpt><trkpt lat="24.838754" lon="120.939950"><ele>35.6</ele><time>2026-09-25T08:45:26+00:00</time></trkpt><trkpt lat="24.838630" lon="120.940165"><ele>35.6</ele><time>2026-09-25T08:45:30+00:00</time></trkpt><trkpt lat="24.838510" lon="120.940376"><ele>35.6</ele><time>2026-09-25T08:45:34+00:00</time></trkpt><trkpt lat="24.838394" lon="120.940582"><ele>35.6</ele><time>2026-09-25T08:45:38+00:00</time></trkpt><trkpt lat="24.838275" lon="120.940786"><ele>35.6</ele><time>2026-09-25T08:45:42+00:00</time></trkpt><trkpt lat="24.838154" lon="120.940999"><ele>35.4</ele><time>2026-09-25T08:45:46+00:00</time></trkpt><trkpt lat="24.838046" lon="120.941209"><ele>35.6</ele><time>2026-09-25T08:45:50+00:00</time></trkpt><trkpt lat="24.837941" lon="120.941392"><ele>35.8</ele><time>2026-09-25T08:45:54+00:00</time></trkpt><trkpt lat="24.837824" lon="120.941587"><ele>35.8</ele><time>2026-09-25T08:45:58+00:00</time></trkpt><trkpt lat="24.837704" lon="120.941793"><ele>35.8</ele><time>2026-09-25T08:46:02+00:00</time></trkpt><trkpt lat="24.837569" lon="120.942001"><ele>36.0</ele><time>2026-09-25T08:46:06+00:00</time></trkpt><trkpt lat="24.837428" lon="120.942205"><ele>36.0</ele><time>2026-09-25T08:46:10+00:00</time></trkpt><trkpt lat="24.837285" lon="120.942411"><ele>36.2</ele><time>2026-09-25T08:46:14+00:00</time></trkpt><trkpt lat="24.837162" lon="120.942619"><ele>36.2</ele><time>2026-09-25T08:46:18+00:00</time></trkpt><trkpt lat="24.837029" lon="120.942827"><ele>36.0</ele><time>2026-09-25T08:46:22+00:00</time></trkpt><trkpt lat="24.836875" lon="120.943030"><ele>36.0</ele><time>2026-09-25T08:46:26+00:00</time></trkpt><trkpt lat="24.836731" lon="120.943230"><ele>35.8</ele><time>2026-09-25T08:46:30+00:00</time></trkpt><trkpt lat="24.836606" lon="120.943431"><ele>35.8</ele><time>2026-09-25T08:46:34+00:00</time></trkpt><trkpt lat="24.836474" lon="120.943631"><ele>36.0</ele><time>2026-09-25T08:46:38+00:00</time></trkpt><trkpt lat="24.836344" lon="120.943821"><ele>36.0</ele><time>2026-09-25T08:46:42+00:00</time></trkpt><trkpt lat="24.836216" lon="120.944004"><ele>36.0</ele><time>2026-09-25T08:46:46+00:00</time></trkpt><trkpt lat="24.836095" lon="120.944174"><ele>36.0</ele><time>2026-09-25T08:46:50+00:00</time></trkpt><trkpt lat="24.835975" lon="120.944349"><ele>36.2</ele><time>2026-09-25T08:46:54+00:00</time></trkpt><trkpt lat="24.835842" lon="120.944530"><ele>36.4</ele><time>2026-09-25T08:46:58+00:00</time></trkpt><trkpt lat="24.835699" lon="120.944719"><ele>36.8</ele><time>2026-09-25T08:47:02+00:00</time></trkpt><trkpt lat="24.835554" lon="120.944911"><ele>37.2</ele><time>2026-09-25T08:47:06+00:00</time></trkpt><trkpt lat="24.835413" lon="120.945095"><ele>37.4</ele><time>2026-09-25T08:47:10+00:00</time></trkpt><trkpt lat="24.835287" lon="120.945252"><ele>37.4</ele><time>2026-09-25T08:47:14+00:00</time></trkpt><trkpt lat="24.835174" lon="120.945394"><ele>37.6</ele><time>2026-09-25T08:47:18+00:00</time></trkpt><trkpt lat="24.835098" lon="120.945486"><ele>37.6</ele><time>2026-09-25T08:47:22+00:00</time></trkpt><trkpt lat="24.834971" lon="120.945644"><ele>37.6</ele><time>2026-09-25T08:47:44+00:00</time></trkpt><trkpt lat="24.834838" lon="120.945809"><ele>37.4</ele><time>2026-09-25T08:47:48+00:00</time></trkpt><trkpt lat="24.834701" lon="120.945975"><ele>37.4</ele><time>2026-09-25T08:47:52+00:00</time></trkpt><trkpt lat="24.834554" lon="120.946155"><ele>37.6</ele><time>2026-09-25T08:47:56+00:00</time></trkpt><trkpt lat="24.834411" lon="120.946349"><ele>37.8</ele><time>2026-09-25T08:48:00+00:00</time></trkpt><trkpt lat="24.834286" lon="120.946560"><ele>37.8</ele><time>2026-09-25T08:48:04+00:00</time></trkpt><trkpt lat="24.834164" lon="120.946772"><ele>37.8</ele><time>2026-09-25T08:48:08+00:00</time></trkpt><trkpt lat="24.834040" lon="120.946989"><ele>37.8</ele><time>2026-09-25T08:48:12+00:00</time></trkpt><trkpt lat="24.833917" lon="120.947210"><ele>38.0</ele><time>2026-09-25T08:48:16+00:00</time></trkpt><trkpt lat="24.833783" lon="120.947422"><ele>38.0</ele><time>2026-09-25T08:48:20+00:00</time></trkpt><trkpt lat="24.833646" lon="120.947627"><ele>38.0</ele><time>2026-09-25T08:48:24+00:00</time></trkpt><trkpt lat="24.833502" lon="120.947825"><ele>38.0</ele><time>2026-09-25T08:48:28+00:00</time></trkpt><trkpt lat="24.833343" lon="120.948023"><ele>38.0</ele><time>2026-09-25T08:48:32+00:00</time></trkpt><trkpt lat="24.833180" lon="120.948221"><ele>38.0</ele><time>2026-09-25T08:48:36+00:00</time></trkpt><trkpt lat="24.833029" lon="120.948429"><ele>37.8</ele><time>2026-09-25T08:48:40+00:00</time></trkpt><trkpt lat="24.832930" lon="120.948677"><ele>37.8</ele><time>2026-09-25T08:48:44+00:00</time></trkpt><trkpt lat="24.832900" lon="120.948959"><ele>37.8</ele><time>2026-09-25T08:48:48+00:00</time></trkpt><trkpt lat="24.832878" lon="120.949246"><ele>37.6</ele><time>2026-09-25T08:48:52+00:00</time></trkpt><trkpt lat="24.832842" lon="120.949531"><ele>37.6</ele><time>2026-09-25T08:48:56+00:00</time></trkpt><trkpt lat="24.832791" lon="120.949818"><ele>37.8</ele><time>2026-09-25T08:49:00+00:00</time></trkpt><trkpt lat="24.832743" lon="120.950102"><ele>37.8</ele><time>2026-09-25T08:49:04+00:00</time></trkpt><trkpt lat="24.832712" lon="120.950377"><ele>38.0</ele><time>2026-09-25T08:49:08+00:00</time></trkpt><trkpt lat="24.832677" lon="120.950653"><ele>38.0</ele><time>2026-09-25T08:49:12+00:00</time></trkpt><trkpt lat="24.832640" lon="120.950937"><ele>38.2</ele><time>2026-09-25T08:49:16+00:00</time></trkpt><trkpt lat="24.832607" lon="120.951222"><ele>38.2</ele><time>2026-09-25T08:49:20+00:00</time></trkpt><trkpt lat="24.832569" lon="120.951503"><ele>38.2</ele><time>2026-09-25T08:49:24+00:00</time></trkpt><trkpt lat="24.832531" lon="120.951780"><ele>38.2</ele><time>2026-09-25T08:49:28+00:00</time></trkpt><trkpt lat="24.832497" lon="120.952065"><ele>38.2</ele><time>2026-09-25T08:49:32+00:00</time></trkpt><trkpt lat="24.832465" lon="120.952356"><ele>38.4</ele><time>2026-09-25T08:49:36+00:00</time></trkpt><trkpt lat="24.832442" lon="120.952643"><ele>38.4</ele><time>2026-09-25T08:49:40+00:00</time></trkpt><trkpt lat="24.832431" lon="120.952914"><ele>38.4</ele><time>2026-09-25T08:49:44+00:00</time></trkpt><trkpt lat="24.832416" lon="120.953172"><ele>38.0</ele><time>2026-09-25T08:49:48+00:00</time></trkpt><trkpt lat="24.832386" lon="120.953382"><ele>37.8</ele><time>2026-09-25T08:49:52+00:00</time></trkpt><trkpt lat="24.832338" lon="120.953599"><ele>37.6</ele><time>2026-09-25T08:49:56+00:00</time></trkpt><trkpt lat="24.832252" lon="120.953825"><ele>37.6</ele><time>2026-09-25T08:50:00+00:00</time></trkpt><trkpt lat="24.832138" lon="120.954046"><ele>37.6</ele><time>2026-09-25T08:50:04+00:00</time></trkpt><trkpt lat="24.832019" lon="120.954269"><ele>37.8</ele><time>2026-09-25T08:50:08+00:00</time></trkpt><trkpt lat="24.831903" lon="120.954490"><ele>37.8</ele><time>2026-09-25T08:50:12+00:00</time></trkpt><trkpt lat="24.831785" lon="120.954709"><ele>38.0</ele><time>2026-09-25T08:50:16+00:00</time></trkpt><trkpt lat="24.831635" lon="120.954910"><ele>38.0</ele><time>2026-09-25T08:50:20+00:00</time></trkpt><trkpt lat="24.831447" lon="120.955073"><ele>38.0</ele><time>2026-09-25T08:50:24+00:00</time></trkpt><trkpt lat="24.831248" lon="120.955214"><ele>38.2</ele><time>2026-09-25T08:50:28+00:00</time></trkpt><trkpt lat="24.831049" lon="120.955337"><ele>38.4</ele><time>2026-09-25T08:50:32+00:00</time></trkpt><trkpt lat="24.830830" lon="120.955406"><ele>38.6</ele><time>2026-09-25T08:50:36+00:00</time></trkpt><trkpt lat="24.830595" lon="120.955393"><ele>38.8</ele><time>2026-09-25T08:50:40+00:00</time></trkpt><trkpt lat="24.830387" lon="120.955322"><ele>39.0</ele><time>2026-09-25T08:50:44+00:00</time></trkpt><trkpt lat="24.830218" lon="120.955201"><ele>39.2</ele><time>2026-09-25T08:50:48+00:00</time></trkpt><trkpt lat="24.830042" lon="120.955046"><ele>39.2</ele><time>2026-09-25T08:50:52+00:00</time></trkpt><trkpt lat="24.829865" lon="120.954863"><ele>39.2</ele><time>2026-09-25T08:50:56+00:00</time></trkpt><trkpt lat="24.829687" lon="120.954666"><ele>39.2</ele><time>2026-09-25T08:51:00+00:00</time></trkpt><trkpt lat="24.829490" lon="120.954498"><ele>39.2</ele><time>2026-09-25T08:51:04+00:00</time></trkpt><trkpt lat="24.829260" lon="120.954402"><ele>39.2</ele><time>2026-09-25T08:51:08+00:00</time></trkpt><trkpt lat="24.829011" lon="120.954380"><ele>39.4</ele><time>2026-09-25T08:51:12+00:00</time></trkpt><trkpt lat="24.828763" lon="120.954432"><ele>39.2</ele><time>2026-09-25T08:51:16+00:00</time></trkpt><trkpt lat="24.828538" lon="120.954542"><ele>39.2</ele><time>2026-09-25T08:51:20+00:00</time></trkpt><trkpt lat="24.828334" lon="120.954683"><ele>39.0</ele><time>2026-09-25T08:51:24+00:00</time></trkpt><trkpt lat="24.828134" lon="120.954832"><ele>39.0</ele><time>2026-09-25T08:51:28+00:00</time></trkpt><trkpt lat="24.827935" lon="120.954982"><ele>39.2</ele><time>2026-09-25T08:51:32+00:00</time></trkpt><trkpt lat="24.827734" lon="120.955129"><ele>39.2</ele><time>2026-09-25T08:51:36+00:00</time></trkpt><trkpt lat="24.827526" lon="120.955280"><ele>39.2</ele><time>2026-09-25T08:51:40+00:00</time></trkpt><trkpt lat="24.827312" lon="120.955433"><ele>39.4</ele><time>2026-09-25T08:51:44+00:00</time></trkpt><trkpt lat="24.827102" lon="120.955584"><ele>39.4</ele><time>2026-09-25T08:51:48+00:00</time></trkpt><trkpt lat="24.826895" lon="120.955736"><ele>39.6</ele><time>2026-09-25T08:51:52+00:00</time></trkpt><trkpt lat="24.826684" lon="120.955885"><ele>39.6</ele><time>2026-09-25T08:51:56+00:00</time></trkpt><trkpt lat="24.826472" lon="120.956037"><ele>39.6</ele><time>2026-09-25T08:52:00+00:00</time></trkpt><trkpt lat="24.826269" lon="120.956182"><ele>39.6</ele><time>2026-09-25T08:52:04+00:00</time></trkpt><trkpt lat="24.826079" lon="120.956314"><ele>39.8</ele><time>2026-09-25T08:52:08+00:00</time></trkpt><trkpt lat="24.825902" lon="120.956441"><ele>40.0</ele><time>2026-09-25T08:52:12+00:00</time></trkpt><trkpt lat="24.825743" lon="120.956558"><ele>40.2</ele><time>2026-09-25T08:52:16+00:00</time></trkpt><trkpt lat="24.825595" lon="120.956677"><ele>40.6</ele><time>2026-09-25T08:53:24+00:00</time></trkpt><trkpt lat="24.825483" lon="120.956774"><ele>40.6</ele><time>2026-09-25T08:53:28+00:00</time></trkpt><trkpt lat="24.825375" lon="120.956853"><ele>40.8</ele><time>2026-09-25T08:53:32+00:00</time></trkpt><trkpt lat="24.825235" lon="120.956955"><ele>40.8</ele><time>2026-09-25T08:53:36+00:00</time></trkpt><trkpt lat="24.825093" lon="120.957044"><ele>41.0</ele><time>2026-09-25T08:53:40+00:00</time></trkpt><trkpt lat="24.824949" lon="120.957139"><ele>41.0</ele><time>2026-09-25T08:53:44+00:00</time></trkpt><trkpt lat="24.824803" lon="120.957264"><ele>41.2</ele><time>2026-09-25T08:53:48+00:00</time></trkpt><trkpt lat="24.824642" lon="120.957381"><ele>41.2</ele><time>2026-09-25T08:53:52+00:00</time></trkpt><trkpt lat="24.824472" lon="120.957498"><ele>41.2</ele><time>2026-09-25T08:53:56+00:00</time></trkpt><trkpt lat="24.824293" lon="120.957619"><ele>41.2</ele><time>2026-09-25T08:54:00+00:00</time></trkpt><trkpt lat="24.824116" lon="120.957743"><ele>41.4</ele><time>2026-09-25T08:54:04+00:00</time></trkpt><trkpt lat="24.823937" lon="120.957855"><ele>41.6</ele><time>2026-09-25T08:54:08+00:00</time></trkpt><trkpt lat="24.823750" lon="120.957967"><ele>41.6</ele><time>2026-09-25T08:54:12+00:00</time></trkpt><trkpt lat="24.823556" lon="120.958080"><ele>41.8</ele><time>2026-09-25T08:54:16+00:00</time></trkpt><trkpt lat="24.823355" lon="120.958179"><ele>41.8</ele><time>2026-09-25T08:54:20+00:00</time></trkpt><trkpt lat="24.823166" lon="120.958271"><ele>41.8</ele><time>2026-09-25T08:54:24+00:00</time></trkpt><trkpt lat="24.822988" lon="120.958369"><ele>42.0</ele><time>2026-09-25T08:54:28+00:00</time></trkpt><trkpt lat="24.822821" lon="120.958478"><ele>42.2</ele><time>2026-09-25T08:54:32+00:00</time></trkpt><trkpt lat="24.822661" lon="120.958601"><ele>42.2</ele><time>2026-09-25T08:54:36+00:00</time></trkpt><trkpt lat="24.822494" lon="120.958720"><ele>42.4</ele><time>2026-09-25T08:54:40+00:00</time></trkpt><trkpt lat="24.822337" lon="120.958867"><ele>42.6</ele><time>2026-09-25T08:54:44+00:00</time></trkpt><trkpt lat="24.822181" lon="120.959018"><ele>42.6</ele><time>2026-09-25T08:54:48+00:00</time></trkpt><trkpt lat="24.822034" lon="120.959169"><ele>42.8</ele><time>2026-09-25T08:54:52+00:00</time></trkpt><trkpt lat="24.821898" lon="120.959309"><ele>43.0</ele><time>2026-09-25T08:54:56+00:00</time></trkpt><trkpt lat="24.821760" lon="120.959451"><ele>43.2</ele><time>2026-09-25T08:55:00+00:00</time></trkpt><trkpt lat="24.821623" lon="120.959594"><ele>43.2</ele><time>2026-09-25T08:55:04+00:00</time></trkpt><trkpt lat="24.821484" lon="120.959738"><ele>43.4</ele><time>2026-09-25T08:55:08+00:00</time></trkpt><trkpt lat="24.821338" lon="120.959889"><ele>43.4</ele><time>2026-09-25T08:55:12+00:00</time></trkpt><trkpt lat="24.821185" lon="120.960039"><ele>43.6</ele><time>2026-09-25T08:55:16+00:00</time></trkpt><trkpt lat="24.821032" lon="120.960189"><ele>43.6</ele><time>2026-09-25T08:55:20+00:00</time></trkpt><trkpt lat="24.820885" lon="120.960334"><ele>43.6</ele><time>2026-09-25T08:55:24+00:00</time></trkpt><trkpt lat="24.820731" lon="120.960486"><ele>43.4</ele><time>2026-09-25T08:55:28+00:00</time></trkpt><trkpt lat="24.820581" lon="120.960634"><ele>43.6</ele><time>2026-09-25T08:55:32+00:00</time></trkpt><trkpt lat="24.820430" lon="120.960785"><ele>43.8</ele><time>2026-09-25T08:55:36+00:00</time></trkpt><trkpt lat="24.820289" lon="120.960926"><ele>44.0</ele><time>2026-09-25T08:55:40+00:00</time></trkpt><trkpt lat="24.820138" lon="120.961070"><ele>44.0</ele><time>2026-09-25T08:55:44+00:00</time></trkpt><trkpt lat="24.819991" lon="120.961199"><ele>44.2</ele><time>2026-09-25T08:55:48+00:00</time></trkpt><trkpt lat="24.819893" lon="120.961293"><ele>44.2</ele><time>2026-09-25T08:55:52+00:00</time></trkpt><trkpt lat="24.819756" lon="120.961427"><ele>44.6</ele><time>2026-09-25T08:56:52+00:00</time></trkpt><trkpt lat="24.819619" lon="120.961567"><ele>44.4</ele><time>2026-09-25T08:56:56+00:00</time></trkpt><trkpt lat="24.819470" lon="120.961714"><ele>44.4</ele><time>2026-09-25T08:57:00+00:00</time></trkpt><trkpt lat="24.819312" lon="120.961868"><ele>44.4</ele><time>2026-09-25T08:57:04+00:00</time></trkpt><trkpt lat="24.819154" lon="120.962029"><ele>44.6</ele><time>2026-09-25T08:57:08+00:00</time></trkpt><trkpt lat="24.819005" lon="120.962187"><ele>44.6</ele><time>2026-09-25T08:57:12+00:00</time></trkpt><trkpt lat="24.818860" lon="120.962335"><ele>44.6</ele><time>2026-09-25T08:57:16+00:00</time></trkpt><trkpt lat="24.818710" lon="120.962480"><ele>44.6</ele><time>2026-09-25T08:57:20+00:00</time></trkpt><trkpt lat="24.818561" lon="120.962637"><ele>44.6</ele><time>2026-09-25T08:57:24+00:00</time></trkpt><trkpt lat="24.818408" lon="120.962797"><ele>44.6</ele><time>2026-09-25T08:57:28+00:00</time></trkpt><trkpt lat="24.818258" lon="120.962952"><ele>44.6</ele><time>2026-09-25T08:57:32+00:00</time></trkpt><trkpt lat="24.818099" lon="120.963114"><ele>44.8</ele><time>2026-09-25T08:57:36+00:00</time></trkpt><trkpt lat="24.817930" lon="120.963276"><ele>44.8</ele><time>2026-09-25T08:57:40+00:00</time></trkpt><trkpt lat="24.817764" lon="120.963432"><ele>45.0</ele><time>2026-09-25T08:57:44+00:00</time></trkpt><trkpt lat="24.817609" lon="120.963583"><ele>45.0</ele><time>2026-09-25T08:57:48+00:00</time></trkpt><trkpt lat="24.817478" lon="120.963720"><ele>45.0</ele><time>2026-09-25T08:57:52+00:00</time></trkpt><trkpt lat="24.817376" lon="120.963826"><ele>45.0</ele><time>2026-09-25T08:57:56+00:00</time></trkpt><trkpt lat="24.817272" lon="120.963952"><ele>45.2</ele><time>2026-09-25T09:00:07+00:00</time></trkpt><trkpt lat="24.817134" lon="120.964093"><ele>45.2</ele><time>2026-09-25T09:00:11+00:00</time></trkpt><trkpt lat="24.816986" lon="120.964236"><ele>45.2</ele><time>2026-09-25T09:00:15+00:00</time></trkpt><trkpt lat="24.816823" lon="120.964402"><ele>45.2</ele><time>2026-09-25T09:00:19+00:00</time></trkpt><trkpt lat="24.816643" lon="120.964580"><ele>45.2</ele><time>2026-09-25T09:00:23+00:00</time></trkpt><trkpt lat="24.816466" lon="120.964764"><ele>45.4</ele><time>2026-09-25T09:00:27+00:00</time></trkpt><trkpt lat="24.816288" lon="120.964946"><ele>45.4</ele><time>2026-09-25T09:00:31+00:00</time></trkpt><trkpt lat="24.816111" lon="120.965127"><ele>45.4</ele><time>2026-09-25T09:00:35+00:00</time></trkpt><trkpt lat="24.815931" lon="120.965308"><ele>45.4</ele><time>2026-09-25T09:00:39+00:00</time></trkpt><trkpt lat="24.815751" lon="120.965488"><ele>45.6</ele><time>2026-09-25T09:00:43+00:00</time></trkpt><trkpt lat="24.815580" lon="120.965660"><ele>45.6</ele><time>2026-09-25T09:00:47+00:00</time></trkpt><trkpt lat="24.815411" lon="120.965830"><ele>45.6</ele><time>2026-09-25T09:00:51+00:00</time></trkpt><trkpt lat="24.815245" lon="120.966004"><ele>45.6</ele><time>2026-09-25T09:00:55+00:00</time></trkpt><trkpt lat="24.815072" lon="120.966168"><ele>45.8</ele><time>2026-09-25T09:00:59+00:00</time></trkpt><trkpt lat="24.814910" lon="120.966320"><ele>46.0</ele><time>2026-09-25T09:01:03+00:00</time></trkpt><trkpt lat="24.814793" lon="120.966425"><ele>46.0</ele><time>2026-09-25T09:01:07+00:00</time></trkpt><trkpt lat="24.814735" lon="120.966476"><ele>46.2</ele><time>2026-09-25T09:01:11+00:00</time></trkpt><trkpt lat="24.814642" lon="120.966580"><ele>46.2</ele><time>2026-09-25T09:01:38+00:00</time></trkpt><trkpt lat="24.814521" lon="120.966690"><ele>46.2</ele><time>2026-09-25T09:01:42+00:00</time></trkpt><trkpt lat="24.814404" lon="120.966791"><ele>46.4</ele><time>2026-09-25T09:01:46+00:00</time></trkpt><trkpt lat="24.814266" lon="120.966918"><ele>46.4</ele><time>2026-09-25T09:01:50+00:00</time></trkpt><trkpt lat="24.814122" lon="120.967049"><ele>46.4</ele><time>2026-09-25T09:01:54+00:00</time></trkpt><trkpt lat="24.813967" lon="120.967174"><ele>46.4</ele><time>2026-09-25T09:01:58+00:00</time></trkpt><trkpt lat="24.813811" lon="120.967300"><ele>46.6</ele><time>2026-09-25T09:02:02+00:00</time></trkpt><trkpt lat="24.813657" lon="120.967435"><ele>46.6</ele><time>2026-09-25T09:02:06+00:00</time></trkpt><trkpt lat="24.813504" lon="120.967566"><ele>46.6</ele><time>2026-09-25T09:02:10+00:00</time></trkpt><trkpt lat="24.813370" lon="120.967674"><ele>46.6</ele><time>2026-09-25T09:02:14+00:00</time></trkpt><trkpt lat="24.813268" lon="120.967684"><ele>46.8</ele><time>2026-09-25T09:02:18+00:00</time></trkpt><trkpt lat="24.813191" lon="120.967551"><ele>47.0</ele><time>2026-09-25T09:02:22+00:00</time></trkpt><trkpt lat="24.813114" lon="120.967419"><ele>47.0</ele><time>2026-09-25T09:02:26+00:00</time></trkpt><trkpt lat="24.813040" lon="120.967374"><ele>46.8</ele><time>2026-09-25T09:02:30+00:00</time></trkpt><trkpt lat="24.813020" lon="120.967458"><ele>46.8</ele><time>2026-09-25T09:02:34+00:00</time></trkpt><trkpt lat="24.813127" lon="120.967508"><ele>47.0</ele><time>2026-09-25T09:02:38+00:00</time></trkpt><trkpt lat="24.813225" lon="120.967588"><ele>47.0</ele><time>2026-09-25T09:02:42+00:00</time></trkpt><trkpt lat="24.813300" lon="120.967701"><ele>47.0</ele><time>2026-09-25T09:02:46+00:00</time></trkpt><trkpt lat="24.813266" lon="120.967793"><ele>46.8</ele><time>2026-09-25T09:02:50+00:00</time></trkpt><trkpt lat="24.813137" lon="120.967897"><ele>46.6</ele><time>2026-09-25T09:02:54+00:00</time></trkpt><trkpt lat="24.812984" lon="120.968006"><ele>46.6</ele><time>2026-09-25T09:02:58+00:00</time></trkpt><trkpt lat="24.812829" lon="120.968009"><ele>46.8</ele><time>2026-09-25T09:03:02+00:00</time></trkpt><trkpt lat="24.812688" lon="120.967904"><ele>47.0</ele><time>2026-09-25T09:03:06+00:00</time></trkpt><trkpt lat="24.812531" lon="120.967799"><ele>47.2</ele><time>2026-09-25T09:03:10+00:00</time></trkpt><trkpt lat="24.812351" lon="120.967711"><ele>47.4</ele><time>2026-09-25T09:03:14+00:00</time></trkpt><trkpt lat="24.812159" lon="120.967650"><ele>47.6</ele><time>2026-09-25T09:03:18+00:00</time></trkpt><trkpt lat="24.811957" lon="120.967600"><ele>47.6</ele><time>2026-09-25T09:03:22+00:00</time></trkpt><trkpt lat="24.811746" lon="120.967540"><ele>47.8</ele><time>2026-09-25T09:03:26+00:00</time></trkpt><trkpt lat="24.811527" lon="120.967524"><ele>47.8</ele><time>2026-09-25T09:03:30+00:00</time></trkpt><trkpt lat="24.811299" lon="120.967532"><ele>48.0</ele><time>2026-09-25T09:03:34+00:00</time></trkpt><trkpt lat="24.811069" lon="120.967559"><ele>48.0</ele><time>2026-09-25T09:03:38+00:00</time></trkpt><trkpt lat="24.810852" lon="120.967618"><ele>48.2</ele><time>2026-09-25T09:03:42+00:00</time></trkpt><trkpt lat="24.810652" lon="120.967709"><ele>48.2</ele><time>2026-09-25T09:03:46+00:00</time></trkpt><trkpt lat="24.810454" lon="120.967814"><ele>48.2</ele><time>2026-09-25T09:03:50+00:00</time></trkpt><trkpt lat="24.810270" lon="120.967940"><ele>48.4</ele><time>2026-09-25T09:03:54+00:00</time></trkpt><trkpt lat="24.810124" lon="120.968059"><ele>48.4</ele><time>2026-09-25T09:03:58+00:00</time></trkpt><trkpt lat="24.810036" lon="120.968144"><ele>48.4</ele><time>2026-09-25T09:04:02+00:00</time></trkpt><trkpt lat="24.809961" lon="120.968188"><ele>48.4</ele><time>2026-09-25T09:04:06+00:00</time></trkpt><trkpt lat="24.809896" lon="120.968146"><ele>48.4</ele><time>2026-09-25T09:04:10+00:00</time></trkpt><trkpt lat="24.809818" lon="120.968047"><ele>48.6</ele><time>2026-09-25T09:04:14+00:00</time></trkpt><trkpt lat="24.809769" lon="120.967951"><ele>48.6</ele><time>2026-09-25T09:04:18+00:00</time></trkpt><trkpt lat="24.809644" lon="120.967746"><ele>48.6</ele><time>2026-09-25T09:05:08+00:00</time></trkpt><trkpt lat="24.809558" lon="120.967614"><ele>48.8</ele><time>2026-09-25T09:05:12+00:00</time></trkpt><trkpt lat="24.809461" lon="120.967466"><ele>48.6</ele><time>2026-09-25T09:05:16+00:00</time></trkpt><trkpt lat="24.809369" lon="120.967311"><ele>48.6</ele><time>2026-09-25T09:05:20+00:00</time></trkpt><trkpt lat="24.809281" lon="120.967171"><ele>48.6</ele><time>2026-09-25T09:05:24+00:00</time></trkpt><trkpt lat="24.809212" lon="120.967059"><ele>48.8</ele><time>2026-09-25T09:05:28+00:00</time></trkpt><trkpt lat="24.809167" lon="120.966985"><ele>48.8</ele><time>2026-09-25T09:05:32+00:00</time></trkpt><trkpt lat="24.809114" lon="120.966900"><ele>49.0</ele><time>2026-09-25T09:05:36+00:00</time></trkpt><trkpt lat="24.809059" lon="120.966775"><ele>49.0</ele><time>2026-09-25T09:05:40+00:00</time></trkpt><trkpt lat="24.809031" lon="120.966686"><ele>49.2</ele><time>2026-09-25T09:05:44+00:00</time></trkpt><trkpt lat="24.808824" lon="120.966869"><ele>49.4</ele><time>2026-09-25T09:06:48+00:00</time></trkpt><trkpt lat="24.808667" lon="120.966974"><ele>49.2</ele><time>2026-09-25T09:06:52+00:00</time></trkpt><trkpt lat="24.808511" lon="120.967082"><ele>49.2</ele><time>2026-09-25T09:06:56+00:00</time></trkpt><trkpt lat="24.808349" lon="120.967217"><ele>49.2</ele><time>2026-09-25T09:07:00+00:00</time></trkpt><trkpt lat="24.808177" lon="120.967351"><ele>49.2</ele><time>2026-09-25T09:07:04+00:00</time></trkpt><trkpt lat="24.807996" lon="120.967479"><ele>49.2</ele><time>2026-09-25T09:07:08+00:00</time></trkpt><trkpt lat="24.807815" lon="120.967620"><ele>49.0</ele><time>2026-09-25T09:07:12+00:00</time></trkpt><trkpt lat="24.807633" lon="120.967756"><ele>48.8</ele><time>2026-09-25T09:07:16+00:00</time></trkpt><trkpt lat="24.807440" lon="120.967899"><ele>48.8</ele><time>2026-09-25T09:07:20+00:00</time></trkpt><trkpt lat="24.807244" lon="120.968051"><ele>49.0</ele><time>2026-09-25T09:07:24+00:00</time></trkpt><trkpt lat="24.807053" lon="120.968195"><ele>49.0</ele><time>2026-09-25T09:07:28+00:00</time></trkpt><trkpt lat="24.806864" lon="120.968340"><ele>49.0</ele><time>2026-09-25T09:07:32+00:00</time></trkpt><trkpt lat="24.806674" lon="120.968487"><ele>49.0</ele><time>2026-09-25T09:07:36+00:00</time></trkpt><trkpt lat="24.806483" lon="120.968632"><ele>49.0</ele><time>2026-09-25T09:07:40+00:00</time></trkpt><trkpt lat="24.806292" lon="120.968788"><ele>49.0</ele><time>2026-09-25T09:07:44+00:00</time></trkpt><trkpt lat="24.806099" lon="120.968937"><ele>49.0</ele><time>2026-09-25T09:07:48+00:00</time></trkpt><trkpt lat="24.805903" lon="120.969088"><ele>49.0</ele><time>2026-09-25T09:07:52+00:00</time></trkpt><trkpt lat="24.805704" lon="120.969249"><ele>49.2</ele><time>2026-09-25T09:07:56+00:00</time></trkpt><trkpt lat="24.805507" lon="120.969413"><ele>49.6</ele><time>2026-09-25T09:08:00+00:00</time></trkpt><trkpt lat="24.805307" lon="120.969552"><ele>49.8</ele><time>2026-09-25T09:08:04+00:00</time></trkpt><trkpt lat="24.805109" lon="120.969695"><ele>49.8</ele><time>2026-09-25T09:08:08+00:00</time></trkpt><trkpt lat="24.804925" lon="120.969854"><ele>50.0</ele><time>2026-09-25T09:08:12+00:00</time></trkpt><trkpt lat="24.804750" lon="120.969986"><ele>50.2</ele><time>2026-09-25T09:08:16+00:00</time></trkpt><trkpt lat="24.804603" lon="120.970094"><ele>50.6</ele><time>2026-09-25T09:08:20+00:00</time></trkpt><trkpt lat="24.804540" lon="120.970143"><ele>50.6</ele><time>2026-09-25T09:08:24+00:00</time></trkpt><trkpt lat="24.804465" lon="120.970123"><ele>50.8</ele><time>2026-09-25T09:08:28+00:00</time></trkpt><trkpt lat="24.804380" lon="120.970047"><ele>50.8</ele><time>2026-09-25T09:08:32+00:00</time></trkpt><trkpt lat="24.804300" lon="120.969978"><ele>51.0</ele><time>2026-09-25T09:08:36+00:00</time></trkpt><trkpt lat="24.804244" lon="120.969877"><ele>51.2</ele><time>2026-09-25T09:09:54+00:00</time></trkpt><trkpt lat="24.804229" lon="120.969755"><ele>51.2</ele><time>2026-09-25T09:09:58+00:00</time></trkpt><trkpt lat="24.804231" lon="120.969684"><ele>51.2</ele><time>2026-09-25T09:10:02+00:00</time></trkpt><trkpt lat="24.804230" lon="120.969592"><ele>51.2</ele><time>2026-09-25T09:10:06+00:00</time></trkpt><trkpt lat="24.804232" lon="120.969522"><ele>51.2</ele><time>2026-09-25T09:10:10+00:00</time></trkpt><trkpt lat="24.804246" lon="120.969483"><ele>51.4</ele><time>2026-09-25T09:10:14+00:00</time></trkpt></trkseg></trk></gpx>